stage,brier_realised,distance_to_truth,brier_expected,status,learner,feature_set,fit_seconds,n_grid,landscape_seed,n_calib,viable_transitions,skill_expected,skill_realised,share_of_attainable
raw,0.118497994142364,0.00466166225337494,0.126446202265035,ok,cv_glmnet,"available, all",4.907,90,1337,1,"1->2, 1->3, 2->1, 2->3",0.143991167169054,0.155059059340423,0.820231412446598
adjusted,0.120077687456152,0.00646239965490081,0.128246939666561,ok,cv_glmnet,"available, all",4.907,90,1337,1,"1->2, 1->3, 2->1, 2->3",0.131800630057594,0.143795176232813,0.750789226026395
raw,0.140678520111054,0.0260093623404372,0.147793902352097,ok,featureless,"available, all",2.018,90,1337,1,"1->2, 1->3, 2->1, 2->3",-0.000527367257537437,-0.00309749522364244,-0.00300409531384772
adjusted,0.140244114635825,0.0259314617576897,0.14771600176935,ok,featureless,"available, all",2.018,90,1337,1,"1->2, 1->3, 2->1, 2->3",0,0,0
raw,0.114429077154834,0.000960931406159793,0.12274547141782,ok,log_reg,"available, all",2.044,90,1337,1,"1->2, 1->3, 2->1, 2->3",0.169044179726175,0.18407216265742,0.962943415410246
adjusted,0.114432656365473,0.00108437729372948,0.12286891730539,ok,log_reg,"available, all",2.044,90,1337,1,"1->2, 1->3, 2->1, 2->3",0.168208482265568,0.184046641367996,0.958182947654005
raw,0.441871673624373,0.318713409939113,0.440497949950773,ok,naive_bayes,"available, all",2.11,90,1337,1,"1->2, 1->3, 2->1, 2->3",-1.98205979497459,-2.15073238382795,-11.2906071750699
adjusted,0.130123141249476,0.0149794606980057,0.136764000709666,ok,naive_bayes,"available, all",2.11,90,1337,1,"1->2, 1->3, 2->1, 2->3",0.0741422792960841,0.0721668314754631,0.422344145579694
raw,0.120645803184853,0.00696891547216563,0.128753455483826,ok,ranger,"available, all",3.396,90,1337,1,"1->2, 1->3, 2->1, 2->3",0.12837164598547,0.139744270209582,0.731256358114904
adjusted,0.120697676669929,0.00689045022978832,0.128674990241448,ok,ranger,"available, all",3.396,90,1337,1,"1->2, 1->3, 2->1, 2->3",0.128902835845996,0.139374390266946,0.734282228507808
raw,0.118101563087266,0.00426738227446923,0.126051922286129,ok,ranger_large_leaves,"available, all",5.496,90,1337,1,"1->2, 1->3, 2->1, 2->3",0.146660342980632,0.157885780847613,0.835436107908426
adjusted,0.118295734557665,0.00438546491285528,0.126170004924515,ok,ranger_large_leaves,"available, all",5.496,90,1337,1,"1->2, 1->3, 2->1, 2->3",0.145860953361555,0.156501255936148,0.830882464172896
raw,0.118980356385492,0.00564338138904977,0.12742792140071,ok,xgboost,"available, all",2.87900000000001,90,1337,1,"1->2, 1->3, 2->1, 2->3",0.137345176728508,0.15161961202828,0.782373186603093
adjusted,0.12024985572977,0.00684547468375759,0.128630014695418,ok,xgboost,"available, all",2.87900000000001,90,1337,1,"1->2, 1->3, 2->1, 2->3",0.129207308926042,0.14256754344362,0.736016629231183
raw,0.120636189629899,0.00636266036149114,0.128147200373151,ok,cv_glmnet,"available, rpart top 4",3.11099999999999,90,1337,1,"1->2, 1->3, 2->1, 2->3",0.132475839867059,0.139812818932492,0.754635491784248
adjusted,0.1222705492406,0.00830247176351614,0.130087011775176,ok,cv_glmnet,"available, rpart top 4",3.11099999999999,90,1337,1,"1->2, 1->3, 2->1, 2->3",0.119343806920121,0.128159141949718,0.679830167651304
raw,0.140678520111054,0.0260093623404372,0.147793902352097,ok,featureless,"available, rpart top 4",1.916,90,1337,1,"1->2, 1->3, 2->1, 2->3",-0.000527367257537437,-0.00309749522364244,-0.00300409531384772
adjusted,0.140244114635825,0.0259314617576897,0.14771600176935,ok,featureless,"available, rpart top 4",1.916,90,1337,1,"1->2, 1->3, 2->1, 2->3",0,0,0
raw,0.116243775055011,0.00210884473746618,0.123893384749126,ok,log_reg,"available, rpart top 4",2.146,90,1337,1,"1->2, 1->3, 2->1, 2->3",0.161273096583139,0.171132597208352,0.91867621049782
adjusted,0.116168340240739,0.00209410710946234,0.123878647121122,ok,log_reg,"available, rpart top 4",2.146,90,1337,1,"1->2, 1->3, 2->1, 2->3",0.161372866600113,0.171670479418004,0.919244540511052
raw,0.228330009223431,0.11169763176267,0.23348217177433,ok,naive_bayes,"available, rpart top 4",2.09,90,1337,1,"1->2, 1->3, 2->1, 2->3",-0.580615295415994,-0.628089776290012,-3.30741748407405
adjusted,0.129493590701756,0.0146018595673535,0.136386399579014,ok,naive_bayes,"available, rpart top 4",2.09,90,1337,1,"1->2, 1->3, 2->1, 2->3",0.0766985435201985,0.076655793806286,0.436905651374493
raw,0.124670988474401,0.0119955166811007,0.133780056692761,ok,ranger,"available, rpart top 4",3.215,90,1337,1,"1->2, 1->3, 2->1, 2->3",0.0943428261641496,0.111042992441168,0.537414558685895
adjusted,0.124083810923986,0.010885333952157,0.132669873963817,ok,ranger,"available, rpart top 4",3.215,90,1337,1,"1->2, 1->3, 2->1, 2->3",0.101858482664772,0.115229817335315,0.580226751045802
raw,0.119852716105151,0.00671099594485511,0.128495535956515,ok,ranger_large_leaves,"available, rpart top 4",4.624,90,1337,1,"1->2, 1->3, 2->1, 2->3",0.130117696001861,0.145399317351927,0.741202558977801
adjusted,0.12032458853692,0.00675888174652095,0.128543421758181,ok,ranger_large_leaves,"available, rpart top 4",4.624,90,1337,1,"1->2, 1->3, 2->1, 2->3",0.129793521226669,0.142034666842386,0.739355929500709
raw,0.12086543571631,0.00722314558837528,0.129007685600035,ok,xgboost,"available, rpart top 4",2.62299999999999,90,1337,1,"1->2, 1->3, 2->1, 2->3",0.126650572349815,0.138178197137446,0.721452432729392
adjusted,0.12056367138645,0.00675312991996095,0.128537669931621,ok,xgboost,"available, rpart top 4",2.62299999999999,90,1337,1,"1->2, 1->3, 2->1, 2->3",0.129832459638832,0.140329904755577,0.739577738306312
raw,0.119295079008625,0.00505173578877722,0.126836275800437,ok,cv_glmnet,process features,3.327,90,1337,1,"1->2, 1->3, 2->1, 2->3",0.141350467916909,0.149375506284872,0.80518893088319
adjusted,0.12093150050333,0.00698647298694622,0.128771012998606,ok,cv_glmnet,process features,3.327,90,1337,1,"1->2, 1->3, 2->1, 2->3",0.128252786047682,0.137707127194923,0.730579284259807
raw,0.140678520111054,0.0260093623404372,0.147793902352097,ok,featureless,process features,1.97200000000001,90,1337,1,"1->2, 1->3, 2->1, 2->3",-0.000527367257537437,-0.00309749522364244,-0.00300409531384772
adjusted,0.140244114635825,0.0259314617576897,0.14771600176935,ok,featureless,process features,1.97200000000001,90,1337,1,"1->2, 1->3, 2->1, 2->3",0,0,0
raw,0.114106532426853,0.000488850611522907,0.122273390623183,ok,log_reg,process features,2.107,90,1337,1,"1->2, 1->3, 2->1, 2->3",0.172240047397803,0.18637204332491,0.981148358851081
adjusted,0.114276632900187,0.00073808486270726,0.122522624874367,ok,log_reg,process features,2.107,90,1337,1,"1->2, 1->3, 2->1, 2->3",0.170552794505774,0.185159154828485,0.971537089979573
raw,0.329935482890753,0.208813469885859,0.330598009897519,ok,naive_bayes,process features,2.17699999999999,90,1337,1,"1->2, 1->3, 2->1, 2->3",-1.23806497561266,-1.35257988363721,-7.05251442579931
adjusted,0.124853364807863,0.009957679196188,0.131742219207848,ok,naive_bayes,process features,2.17699999999999,90,1337,1,"1->2, 1->3, 2->1, 2->3",0.108138470918295,0.109742571857135,0.616000081706341
raw,0.120057568510567,0.00725314172603379,0.129037681737694,ok,ranger,process features,3.386,90,1337,1,"1->2, 1->3, 2->1, 2->3",0.126447506078733,0.143938632845141,0.720295685842588
adjusted,0.12162149970068,0.00834484263138637,0.130129382643046,ok,ranger,process features,3.386,90,1337,1,"1->2, 1->3, 2->1, 2->3",0.119056966852947,0.132787140362381,0.678196211638096
raw,0.116740572608455,0.00328350299698364,0.125068043008644,ok,ranger_large_leaves,process features,4.53200000000001,90,1337,1,"1->2, 1->3, 2->1, 2->3",0.153320957035309,0.167590220013172,0.873377635720442
adjusted,0.117375522875791,0.00365766562341924,0.125442205635079,ok,ranger_large_leaves,process features,4.53200000000001,90,1337,1,"1->2, 1->3, 2->1, 2->3",0.150787970615734,0.163062755392038,0.858948729632081
raw,0.117841975808546,0.00481091242047151,0.126595452432132,ok,xgboost,process features,3.19200000000001,90,1337,1,"1->2, 1->3, 2->1, 2->3",0.142980781257516,0.159736748208302,0.814475849243443
adjusted,0.119120978711839,0.0057331160317069,0.127517656043367,ok,xgboost,process features,3.19200000000001,90,1337,1,"1->2, 1->3, 2->1, 2->3",0.136737695876181,0.15061691521842,0.778912732136791
reference,0.114119804014592,0,0.12178454001166,ok,"truth, all four transitions",,,90,1337,1,"1->2, 1->3, 2->1, 2->3",0.175549442491547,0.186277411277264,1
adjusted,0.114245214615786,0.000240655690665224,0.122025195702325,ok,"oracle, viable transitions",,,90,1337,1,"1->2, 1->3, 2->1, 2->3",0.173920264286189,0.185383180517418,0.990719547825188
reference,0.140244114635825,0.0259314617576897,0.14771600176935,ok,uniform forecast,,,90,1337,1,"1->2, 1->3, 2->1, 2->3",0,0,0
reference,0.149752475247525,0.0365489166836727,0.158333456695333,ok,persistence,,,90,1337,1,"1->2, 1->3, 2->1, 2->3",-0.0718774865201235,-0.0677986426481441,-0.409442978000825
raw,0.116619961507465,0.00307076985134673,0.124855309863007,ok,cv_glmnet,"available, all",5.21799999999999,90,1337,2,"1->2, 1->3, 2->1, 2->3",0.154761106667636,0.168450228301599,0.881581305364087
adjusted,0.117663048780034,0.00425277205356325,0.126037312065223,ok,cv_glmnet,"available, all",5.21799999999999,90,1337,2,"1->2, 1->3, 2->1, 2->3",0.146759250483753,0.161012573785562,0.835999524696978
raw,0.140454872674908,0.0258936425125823,0.147678182524242,ok,featureless,"available, all",2.21000000000001,90,1337,2,"1->2, 1->3, 2->1, 2->3",0.000256026731392467,-0.00150279417877908,0.00145843089991468
adjusted,0.140244114635825,0.0259314617576897,0.14771600176935,ok,featureless,"available, all",2.21000000000001,90,1337,2,"1->2, 1->3, 2->1, 2->3",-2.22044604925031e-16,0,-1.26485508454818e-15
raw,0.11437932946482,0.000679095072142711,0.122463635083803,ok,log_reg,"available, all",3.53300000000002,90,1337,2,"1->2, 1->3, 2->1, 2->3",0.170952140479521,0.184426884779937,0.973811924738823
adjusted,0.114233223909816,0.000669670023380256,0.12245421003504,ok,log_reg,"available, all",3.53300000000002,90,1337,2,"1->2, 1->3, 2->1, 2->3",0.171015945677668,0.185468679334976,0.974175384726175
raw,0.442764910469317,0.319718254492457,0.441502794504117,ok,naive_bayes,"available, all",2.243,90,1337,2,"1->2, 1->3, 2->1, 2->3",-1.98886233864831,-2.15710154125935,-11.3293571908899
adjusted,0.131130606264248,0.0159163080655895,0.13770084807725,ok,naive_bayes,"available, all",2.243,90,1337,2,"1->2, 1->3, 2->1, 2->3",0.0678000593851591,0.0649831787611332,0.386216318450706
raw,0.121153106182418,0.00713868650375099,0.128923226515411,ok,ranger,"available, all",4.87099999999998,90,1337,2,"1->2, 1->3, 2->1, 2->3",0.127222339007541,0.136126984743573,0.724709444825875
adjusted,0.120596636816006,0.006559572415809,0.128344112427469,ok,ranger,"available, all",4.87099999999998,90,1337,2,"1->2, 1->3, 2->1, 2->3",0.131142795024529,0.1400948472657,0.747041933960248
raw,0.11802723160698,0.00386992229878493,0.125654462310445,ok,ranger_large_leaves,"available, all",8.34100000000001,90,1337,2,"1->2, 1->3, 2->1, 2->3",0.149351046566726,0.158415795818145,0.850763434204115
adjusted,0.117968587128153,0.00389594369226929,0.125680483703929,ok,ranger_large_leaves,"available, all",8.34100000000001,90,1337,2,"1->2, 1->3, 2->1, 2->3",0.149174888309174,0.158833955817079,0.849759966149461
raw,0.118279593543445,0.00403484710101363,0.125819387112674,ok,xgboost,"available, all",3.20799999999997,90,1337,2,"1->2, 1->3, 2->1, 2->3",0.148234547336763,0.15661634821123,0.844403406999718
adjusted,0.118228578262684,0.00414975844856562,0.125934298460226,ok,xgboost,"available, all",3.20799999999997,90,1337,2,"1->2, 1->3, 2->1, 2->3",0.147456626555158,0.15698010879322,0.839972058369018
raw,0.119982029592619,0.00612242958544245,0.127906969597102,ok,cv_glmnet,"available, rpart top 4",3.50999999999999,90,1337,2,"1->2, 1->3, 2->1, 2->3",0.134102141507851,0.144477257358154,0.763899557894113
adjusted,0.120974066981599,0.0071782067133376,0.128962746724998,ok,cv_glmnet,"available, rpart top 4",3.50999999999999,90,1337,2,"1->2, 1->3, 2->1, 2->3",0.126954797176505,0.137403610156941,0.723185419302135
raw,0.140454872674908,0.0258936425125823,0.147678182524242,ok,featureless,"available, rpart top 4",2.13499999999999,90,1337,2,"1->2, 1->3, 2->1, 2->3",0.000256026731392467,-0.00150279417877908,0.00145843089991468
adjusted,0.140244114635825,0.0259314617576897,0.14771600176935,ok,featureless,"available, rpart top 4",2.13499999999999,90,1337,2,"1->2, 1->3, 2->1, 2->3",-2.22044604925031e-16,0,-1.26485508454818e-15
raw,0.116543558726199,0.00284761200665864,0.124632152018319,ok,log_reg,"available, rpart top 4",2.255,90,1337,2,"1->2, 1->3, 2->1, 2->3",0.156271828877925,0.168995012526334,0.890186984703467
adjusted,0.116561661604995,0.00282521641392688,0.124609756425587,ok,log_reg,"available, rpart top 4",2.255,90,1337,2,"1->2, 1->3, 2->1, 2->3",0.156423441380724,0.168865931325012,0.891050630298962
raw,0.248355204269703,0.130240508926758,0.252025048938418,ok,naive_bayes,"available, rpart top 4",2.548,90,1337,2,"1->2, 1->3, 2->1, 2->3",-0.706145887511504,-0.770877907530114,-4.02249006028889
adjusted,0.129163831497775,0.0145758188018801,0.13636035881354,ok,naive_bayes,"available, rpart top 4",2.548,90,1337,2,"1->2, 1->3, 2->1, 2->3",0.0768748329212213,0.0790071167465541,0.437909866474928
raw,0.12643716289622,0.0122785140766392,0.134063054088299,ok,ranger,"available, rpart top 4",5.24099999999999,90,1337,2,"1->2, 1->3, 2->1, 2->3",0.0924270053177371,0.0984494199664461,0.526501275116198
adjusted,0.129127352201697,0.0136507019452928,0.135435241956953,ok,ranger,"available, rpart top 4",5.24099999999999,90,1337,2,"1->2, 1->3, 2->1, 2->3",0.0831376402373295,0.0792672295945904,0.473585327628328
raw,0.121966832640722,0.00741091231508038,0.12919545232674,ok,ranger_large_leaves,"available, rpart top 4",10.383,90,1337,2,"1->2, 1->3, 2->1, 2->3",0.125379439063942,0.130324770080824,0.714211547951679
adjusted,0.123086070260249,0.00794950535005931,0.129734045361719,ok,ranger_large_leaves,"available, rpart top 4",10.383,90,1337,2,"1->2, 1->3, 2->1, 2->3",0.121733300334707,0.122344131303695,0.693441680058704
raw,0.119068672770773,0.00503197194425612,0.126816511955916,ok,xgboost,"available, rpart top 4",3.40699999999998,90,1337,2,"1->2, 1->3, 2->1, 2->3",0.141484264149439,0.15098987875562,0.80595108786091
adjusted,0.119414963938091,0.00515778966578934,0.126942329677449,ok,xgboost,"available, rpart top 4",3.40699999999998,90,1337,2,"1->2, 1->3, 2->1, 2->3",0.140632509972327,0.148520675907305,0.801099154610525
raw,0.117381426969782,0.00313296979336132,0.124917509805021,ok,cv_glmnet,process features,3.70800000000003,90,1337,2,"1->2, 1->3, 2->1, 2->3",0.154340028779867,0.16302065669858,0.879182676910519
adjusted,0.118392681961025,0.00434667394037434,0.126131213952034,ok,cv_glmnet,process features,3.70800000000003,90,1337,2,"1->2, 1->3, 2->1, 2->3",0.146123558441683,0.155809979845089,0.83237836798439
raw,0.140454872674908,0.0258936425125823,0.147678182524242,ok,featureless,process features,2.661,90,1337,2,"1->2, 1->3, 2->1, 2->3",0.000256026731392467,-0.00150279417877908,0.00145843089991468
adjusted,0.140244114635825,0.0259314617576897,0.14771600176935,ok,featureless,process features,2.661,90,1337,2,"1->2, 1->3, 2->1, 2->3",-2.22044604925031e-16,0,-1.26485508454818e-15
raw,0.114339809990462,0.000142728992343665,0.121927269004004,ok,log_reg,process features,2.262,90,1337,2,"1->2, 1->3, 2->1, 2->3",0.174583203285002,0.184708675388123,0.994495914126348
adjusted,0.114229713723072,0.000234729713462004,0.122019269725122,ok,log_reg,process features,2.262,90,1337,2,"1->2, 1->3, 2->1, 2->3",0.173960381654194,0.185493708454755,0.990948072435894
raw,0.330105352852039,0.208683282485697,0.330467822497357,ok,naive_bayes,process features,2.17000000000002,90,1337,2,"1->2, 1->3, 2->1, 2->3",-1.23718363981557,-1.353791128485,-7.04749398378263
adjusted,0.126138967063064,0.0111291317721864,0.132913671783846,ok,naive_bayes,process features,2.17000000000002,90,1337,2,"1->2, 1->3, 2->1, 2->3",0.100208033037723,0.10057568269006,0.57082512832559
raw,0.12167325565028,0.00777825329381517,0.129562793305475,ok,ranger,process features,5.04000000000002,90,1337,2,"1->2, 1->3, 2->1, 2->3",0.12289263347528,0.132418098497528,0.700045706389513
adjusted,0.122682381590909,0.00870763780382629,0.130492177815486,ok,ranger,process features,5.04000000000002,90,1337,2,"1->2, 1->3, 2->1, 2->3",0.116600935224049,0.125222602677619,0.664205670887639
raw,0.117441249562544,0.00349064870075118,0.125275188712411,ok,ranger_large_leaves,process features,7.36900000000003,90,1337,2,"1->2, 1->3, 2->1, 2->3",0.151918632972334,0.162594096247774,0.865389435683622
adjusted,0.117678001017009,0.003723174706342,0.125507714718002,ok,ranger_large_leaves,process features,7.36900000000003,90,1337,2,"1->2, 1->3, 2->1, 2->3",0.150344490680331,0.16090595799627,0.856422490134482
raw,0.116786432205484,0.003286207649204,0.125070747660864,ok,xgboost,process features,3.24100000000004,90,1337,2,"1->2, 1->3, 2->1, 2->3",0.153302647223318,0.167263221642167,0.87327333569117
adjusted,0.116869131841954,0.00350043322749537,0.125284973239155,ok,xgboost,process features,3.24100000000004,90,1337,2,"1->2, 1->3, 2->1, 2->3",0.151852394199101,0.16667353816999,0.865012113076991
reference,0.114119804014592,0,0.12178454001166,ok,"truth, all four transitions",,,90,1337,2,"1->2, 1->3, 2->1, 2->3",0.175549442491547,0.186277411277264,1
adjusted,0.114245214615786,0.000240655690665224,0.122025195702325,ok,"oracle, viable transitions",,,90,1337,2,"1->2, 1->3, 2->1, 2->3",0.173920264286189,0.185383180517418,0.990719547825188
reference,0.140244114635825,0.0259314617576897,0.14771600176935,ok,uniform forecast,,,90,1337,2,"1->2, 1->3, 2->1, 2->3",0,0,0
reference,0.149752475247525,0.0365489166836727,0.158333456695333,ok,persistence,,,90,1337,2,"1->2, 1->3, 2->1, 2->3",-0.0718774865201235,-0.0677986426481441,-0.409442978000825
raw,0.14357954983295,0.00733891825281208,0.138390454507946,ok,cv_glmnet,"available, all",5.377,90,2024,1,"1->2, 1->3, 2->1, 2->3",0.136271960859618,0.13426981113915,0.748434870626832
adjusted,0.14277596314689,0.00693495139558015,0.137986487650714,ok,cv_glmnet,"available, all",5.377,90,2024,1,"1->2, 1->3, 2->1, 2->3",0.138793214964283,0.139115133849093,0.762282139556838
raw,0.165977062838851,0.0290991093224792,0.160150645577613,ok,featureless,"available, all",2.095,90,2024,1,"1->2, 1->3, 2->1, 2->3",0.000461386129230301,-0.000778691152238276,0.00253403169486369
adjusted,0.165847918532073,0.0291730347170876,0.160224570972221,ok,featureless,"available, all",2.095,90,2024,1,"1->2, 1->3, 2->1, 2->3",3.33066907387547e-16,0,1.82927497460373e-15
raw,0.136347130029846,0.00125046797790206,0.132302004233036,ok,log_reg,"available, all",2.336,90,2024,1,"1->2, 1->3, 2->1, 2->3",0.17427144020268,0.177878557435867,0.957136170781382
adjusted,0.135851026226328,0.00145753930606031,0.132509075561194,ok,log_reg,"available, all",2.336,90,2024,1,"1->2, 1->3, 2->1, 2->3",0.172979058348251,0.180869875071384,0.950038132124576
raw,0.600140686905217,0.465807166209433,0.596858702464566,ok,naive_bayes,"available, all",2.024,90,2024,1,"1->2, 1->3, 2->1, 2->3",-2.72513840319814,-2.61862055440363,-14.9670452774868
adjusted,0.155045721997005,0.0188713527730629,0.149922889028196,ok,naive_bayes,"available, all",2.024,90,2024,1,"1->2, 1->3, 2->1, 2->3",0.0642952693305122,0.0651331450564961,0.353123425242787
raw,0.14411892315381,0.00781089527696399,0.138862431532098,ok,ranger,"available, all",3.438,90,2024,1,"1->2, 1->3, 2->1, 2->3",0.133326238981331,0.131017594737315,0.73225633353842
adjusted,0.144131577345917,0.00809208170467465,0.139143617959808,ok,ranger,"available, all",3.438,90,2024,1,"1->2, 1->3, 2->1, 2->3",0.131571287003589,0.1309412947619,0.722617760437009
raw,0.140414616079099,0.0046422874712615,0.135693823726395,ok,ranger_large_leaves,"available, all",5.641,90,2024,1,"1->2, 1->3, 2->1, 2->3",0.153102280736199,0.153353160401923,0.840870601352202
adjusted,0.140159497601743,0.00488097643003645,0.13593251268517,ok,ranger_large_leaves,"available, all",5.641,90,2024,1,"1->2, 1->3, 2->1, 2->3",0.151612565661123,0.154891427988361,0.832688766274375
raw,0.14110959736633,0.00566386782577335,0.136715404080907,ok,xgboost,"available, all",2.795,90,2024,1,"1->2, 1->3, 2->1, 2->3",0.146726352572916,0.14916268702497,0.805852634780713
adjusted,0.141180700794268,0.00682527474207454,0.137876810997208,ok,xgboost,"available, all",2.795,90,2024,1,"1->2, 1->3, 2->1, 2->3",0.139477733280295,0.148733960342316,0.766041661134529
raw,0.14502394632479,0.00863003232673887,0.139681568581872,ok,cv_glmnet,"available, rpart top 4",3.014,90,2024,1,"1->2, 1->3, 2->1, 2->3",0.128213808067618,0.125560648524243,0.70417776517148
adjusted,0.144228230293243,0.00821145591082358,0.139262992165957,ok,cv_glmnet,"available, rpart top 4",3.014,90,2024,1,"1->2, 1->3, 2->1, 2->3",0.130826243934198,0.130358514174831,0.718525823917324
raw,0.165977062838851,0.0290991093224792,0.160150645577613,ok,featureless,"available, rpart top 4",1.87100000000001,90,2024,1,"1->2, 1->3, 2->1, 2->3",0.000461386129230301,-0.000778691152238276,0.00253403169486369
adjusted,0.165847918532073,0.0291730347170876,0.160224570972221,ok,featureless,"available, rpart top 4",1.87100000000001,90,2024,1,"1->2, 1->3, 2->1, 2->3",3.33066907387547e-16,0,1.82927497460373e-15
raw,0.136366153117031,0.00103324755080932,0.132084783805943,ok,log_reg,"available, rpart top 4",2.18400000000001,90,2024,1,"1->2, 1->3, 2->1, 2->3",0.175627165019259,0.177763855440493,0.964582102587905
adjusted,0.135700506476412,0.00114607681391473,0.132197613069048,ok,log_reg,"available, rpart top 4",2.18400000000001,90,2024,1,"1->2, 1->3, 2->1, 2->3",0.174922970510135,0.181777452032542,0.960714515132585
raw,0.273794162892733,0.139631123319507,0.270682659574641,ok,naive_bayes,"available, rpart top 4",2.045,90,2024,1,"1->2, 1->3, 2->1, 2->3",-0.689395439988851,-0.65087488173561,-3.78630778983444
adjusted,0.153401227393113,0.0186625963007,0.149714132555834,ok,naive_bayes,"available, rpart top 4",2.045,90,2024,1,"1->2, 1->3, 2->1, 2->3",0.0655981685743435,0.0750488233384303,0.360279227660581
raw,0.148089957678677,0.0109153739661879,0.141966910221321,ok,ranger,"available, rpart top 4",3.202,90,2024,1,"1->2, 1->3, 2->1, 2->3",0.11395044243286,0.107073763786561,0.625840298342552
adjusted,0.149966776349019,0.0123592335326308,0.143410769787764,ok,ranger,"available, rpart top 4",3.202,90,2024,1,"1->2, 1->3, 2->1, 2->3",0.104938968364421,0.0957572595641725,0.576347347730965
raw,0.142520909100629,0.00605024860961656,0.13710178486475,ok,ranger_large_leaves,"available, rpart top 4",4.483,90,2024,1,"1->2, 1->3, 2->1, 2->3",0.144314857372781,0.140653012940483,0.792608185322841
adjusted,0.143175152978798,0.00670245016707364,0.137753986422207,ok,ranger_large_leaves,"available, rpart top 4",4.483,90,2024,1,"1->2, 1->3, 2->1, 2->3",0.14024431092975,0.136708170678009,0.770251870192038
raw,0.142277699645774,0.0060350213492311,0.137086557604365,ok,xgboost,"available, rpart top 4",2.55,90,2024,1,"1->2, 1->3, 2->1, 2->3",0.144409894359262,0.142119473641396,0.793130148859825
adjusted,0.142999059600211,0.00722477108301888,0.138276307338152,ok,xgboost,"available, rpart top 4",2.55,90,2024,1,"1->2, 1->3, 2->1, 2->3",0.136984380740667,0.137769946913402,0.752347633590992
raw,0.14422772436249,0.00821578739720628,0.13926732365234,ok,cv_glmnet,process features,6.19899999999998,90,2024,1,"1->2, 1->3, 2->1, 2->3",0.130799210088163,0.130361564745245,0.718377348229939
adjusted,0.143487404901527,0.00786735604911582,0.138918892304249,ok,cv_glmnet,process features,6.19899999999998,90,2024,1,"1->2, 1->3, 2->1, 2->3",0.132973853752217,0.134825410101374,0.730320958192682
raw,0.165977062838851,0.0290991093224792,0.160150645577613,ok,featureless,process features,1.94899999999998,90,2024,1,"1->2, 1->3, 2->1, 2->3",0.000461386129230301,-0.000778691152238276,0.00253403169486369
adjusted,0.165847918532073,0.0291730347170876,0.160224570972221,ok,featureless,process features,1.94899999999998,90,2024,1,"1->2, 1->3, 2->1, 2->3",3.33066907387547e-16,0,1.82927497460373e-15
raw,0.136032203123728,0.000532135450833709,0.131583671705967,ok,log_reg,process features,2.405,90,2024,1,"1->2, 1->3, 2->1, 2->3",0.178754725897937,0.179777447147034,0.98175933851263
adjusted,0.135624489273372,0.000820385915011646,0.131871922170145,ok,log_reg,process features,2.405,90,2024,1,"1->2, 1->3, 2->1, 2->3",0.176955685573292,0.182235806914006,0.971878622742971
raw,0.316989857016821,0.18542709873001,0.316478634985144,ok,naive_bayes,process features,2.05600000000001,90,2024,1,"1->2, 1->3, 2->1, 2->3",-0.975219113178423,-0.91132852207319,-5.35611277771522
adjusted,0.15135894604391,0.0179780185478394,0.149029554802973,ok,naive_bayes,process features,2.05600000000001,90,2024,1,"1->2, 1->3, 2->1, 2->3",0.0698707826229047,0.0873630047118196,0.383745341470798
raw,0.144024412370441,0.00846993053975026,0.139521466794884,ok,ranger,process features,3.327,90,2024,1,"1->2, 1->3, 2->1, 2->3",0.129213041743309,0.131587458888796,0.709665771083146
adjusted,0.145952000370662,0.0113795517348697,0.142431087990003,ok,ranger,process features,3.327,90,2024,1,"1->2, 1->3, 2->1, 2->3",0.111053397579719,0.119964834877098,0.609929105928622
raw,0.140606166492111,0.0043897146544986,0.135441250909632,ok,ranger_large_leaves,process features,4.92699999999999,90,2024,1,"1->2, 1->3, 2->1, 2->3",0.154678648300989,0.152198184115772,0.849528350510363
adjusted,0.140709693309376,0.0053753636147204,0.136426899869854,ok,ranger_large_leaves,process features,4.92699999999999,90,2024,1,"1->2, 1->3, 2->1, 2->3",0.148526976592705,0.151573956701995,0.81574204854417
raw,0.14064493853075,0.00466331837677149,0.135714854631905,ok,xgboost,process features,2.71100000000001,90,2024,1,"1->2, 1->3, 2->1, 2->3",0.15297102180767,0.151964403438978,0.840149699131575
adjusted,0.14095059158315,0.00616976551190155,0.137221301767035,ok,xgboost,process features,2.71100000000001,90,2024,1,"1->2, 1->3, 2->1, 2->3",0.143568923702559,0.150121431545778,0.788511357432153
reference,0.135642313105353,0,0.131051536255134,ok,"truth, all four transitions",,,90,2024,1,"1->2, 1->3, 2->1, 2->3",0.182075910954665,0.182128335972325,1
adjusted,0.135081709422113,0.00050047270674236,0.131552008961876,ok,"oracle, viable transitions",,,90,2024,1,"1->2, 1->3, 2->1, 2->3",0.178952340682606,0.185508563401174,0.98284468134372
reference,0.165847918532073,0.0291730347170876,0.160224570972221,ok,uniform forecast,,,90,2024,1,"1->2, 1->3, 2->1, 2->3",0,0,0
reference,0.179616858237548,0.0424648061763547,0.173516342431488,ok,persistence,,,90,2024,1,"1->2, 1->3, 2->1, 2->3",-0.0829571355917162,-0.0830214803257385,-0.455618401999216
raw,0.140922294545195,0.0051040912432918,0.136155627498425,ok,cv_glmnet,"available, all",5.08999999999998,90,2024,2,"1->2, 1->3, 2->1, 2->3",0.1502200525659,0.15029205194431,0.825040785342014
adjusted,0.140843148066568,0.00545931236864349,0.136510848623777,ok,cv_glmnet,"available, all",5.08999999999998,90,2024,2,"1->2, 1->3, 2->1, 2->3",0.148003032272469,0.150769275169823,0.812864433831226
raw,0.165979647447566,0.0290647055927118,0.160116241847845,ok,featureless,"available, all",3.15799999999999,90,2024,2,"1->2, 1->3, 2->1, 2->3",0.000676108063317193,-0.000794275361787111,0.0037133306639643
adjusted,0.165847918532073,0.0291730347170876,0.160224570972221,ok,featureless,"available, all",3.15799999999999,90,2024,2,"1->2, 1->3, 2->1, 2->3",0,0,0
raw,0.136550265638383,0.000651824503042151,0.131703360758176,ok,log_reg,"available, all",2.75400000000002,90,2024,2,"1->2, 1->3, 2->1, 2->3",0.178007717798728,0.176653726817946,0.977656609627234
adjusted,0.136014957957706,0.000942735220701,0.131994271475835,ok,log_reg,"available, all",2.75400000000002,90,2024,2,"1->2, 1->3, 2->1, 2->3",0.176192074193671,0.179881428952616,0.967684705076336
raw,0.476989447577401,0.344381177306692,0.475432713561826,ok,naive_bayes,"available, all",2.256,90,2024,2,"1->2, 1->3, 2->1, 2->3",-1.96728966523027,-1.87606532417926,-10.8047772762213
adjusted,0.154863783329801,0.0196957047990069,0.15074724105414,ok,naive_bayes,"available, all",2.256,90,2024,2,"1->2, 1->3, 2->1, 2->3",0.0591502904989761,0.0662301661636325,0.324866096722173
raw,0.142497357495198,0.00711652669152964,0.138168062946663,ok,ranger,"available, all",6.04300000000001,90,2024,2,"1->2, 1->3, 2->1, 2->3",0.137659959965704,0.140795020182054,0.756058059761564
adjusted,0.142422234678786,0.00708570254035334,0.138137238795487,ok,ranger,"available, all",6.04300000000001,90,2024,2,"1->2, 1->3, 2->1, 2->3",0.137852340890734,0.141247982251625,0.757114657111658
raw,0.13985177707469,0.00426370112805735,0.135315237383191,ok,ranger_large_leaves,"available, all",8.06900000000002,90,2024,2,"1->2, 1->3, 2->1, 2->3",0.155465128961705,0.156746865968987,0.853847871179478
adjusted,0.139928577674242,0.00454394241880387,0.135595478673937,ok,ranger_large_leaves,"available, all",8.06900000000002,90,2024,2,"1->2, 1->3, 2->1, 2->3",0.153716075810581,0.156283787503901,0.844241695700505
raw,0.139730822506173,0.00335552108487897,0.134407057340013,ok,xgboost,"available, all",3.33600000000001,90,2024,2,"1->2, 1->3, 2->1, 2->3",0.161133298566827,0.157476176107989,0.884978675773024
adjusted,0.13975012621117,0.00407536808112281,0.135126904336256,ok,xgboost,"available, all",3.33600000000001,90,2024,2,"1->2, 1->3, 2->1, 2->3",0.156640560705986,0.157359782093715,0.860303594718731
raw,0.143495919633009,0.00802670421718497,0.139078240472319,ok,cv_glmnet,"available, rpart top 4",4.46900000000005,90,2024,2,"1->2, 1->3, 2->1, 2->3",0.131979323593064,0.134774069502364,0.724858785003829
adjusted,0.143113461825346,0.00783508554614147,0.138886621801275,ok,cv_glmnet,"available, rpart top 4",4.46900000000005,90,2024,2,"1->2, 1->3, 2->1, 2->3",0.133175261705932,0.137080144918009,0.731427133922678
raw,0.165979647447566,0.0290647055927118,0.160116241847845,ok,featureless,"available, rpart top 4",2.16300000000001,90,2024,2,"1->2, 1->3, 2->1, 2->3",0.000676108063317193,-0.000794275361787111,0.0037133306639643
adjusted,0.165847918532073,0.0291730347170876,0.160224570972221,ok,featureless,"available, rpart top 4",2.16300000000001,90,2024,2,"1->2, 1->3, 2->1, 2->3",0,0,0
raw,0.138465623280045,0.00366319040633723,0.134714726661471,ok,log_reg,"available, rpart top 4",2.25899999999996,90,2024,2,"1->2, 1->3, 2->1, 2->3",0.159213060493532,0.165104847226241,0.874432315943066
adjusted,0.13779636867587,0.00355207290102417,0.134603609156158,ok,log_reg,"available, rpart top 4",2.25899999999996,90,2024,2,"1->2, 1->3, 2->1, 2->3",0.159906571511466,0.169140198469106,0.878241227370714
raw,0.23002250626202,0.0969149101404924,0.227966446395626,ok,naive_bayes,"available, rpart top 4",2.07900000000001,90,2024,2,"1->2, 1->3, 2->1, 2->3",-0.422793302003283,-0.386948406093725,-2.32207160072127
adjusted,0.154183233420816,0.0187004509403557,0.149751987195489,ok,naive_bayes,"available, rpart top 4",2.07900000000001,90,2024,2,"1->2, 1->3, 2->1, 2->3",0.0653619086834542,0.0703336238072878,0.35898163760789
raw,0.148688972315568,0.0145174616072199,0.145568997862353,ok,ranger,"available, rpart top 4",5.37799999999999,90,2024,2,"1->2, 1->3, 2->1, 2->3",0.0914689489941503,0.103461932886341,0.502367108941308
adjusted,0.150943831212966,0.0157711481564747,0.146822684411608,ok,ranger,"available, rpart top 4",5.37799999999999,90,2024,2,"1->2, 1->3, 2->1, 2->3",0.0836443903659225,0.0898659895826443,0.459392952792909
raw,0.143476683742608,0.00867093274664398,0.139722469001778,ok,ranger_large_leaves,"available, rpart top 4",11.031,90,2024,2,"1->2, 1->3, 2->1, 2->3",0.12795853873123,0.134890054620365,0.702775771162226
adjusted,0.144397696914545,0.00888977672724704,0.139941312982381,ok,ranger_large_leaves,"available, rpart top 4",11.031,90,2024,2,"1->2, 1->3, 2->1, 2->3",0.126592680927554,0.129336694770637,0.695274186814717
raw,0.141894177496649,0.00625639717553993,0.137307933430673,ok,xgboost,"available, rpart top 4",2.858,90,2024,2,"1->2, 1->3, 2->1, 2->3",0.143028234698914,0.144431966632077,0.785541777322353
adjusted,0.141559565070964,0.0065166861532634,0.137568222408397,ok,xgboost,"available, rpart top 4",2.858,90,2024,2,"1->2, 1->3, 2->1, 2->3",0.141403708721756,0.146449552554448,0.776619531822435
raw,0.142002806185147,0.0056552937154159,0.136706829970549,ok,cv_glmnet,process features,7.07799999999998,90,2024,2,"1->2, 1->3, 2->1, 2->3",0.146779865653372,0.143776976871223,0.806146540109405
adjusted,0.141814744796992,0.00592929255323852,0.136980828808372,ok,cv_glmnet,process features,7.07799999999998,90,2024,2,"1->2, 1->3, 2->1, 2->3",0.145069773149082,0.144910915661769,0.796754344868841
raw,0.165979647447566,0.0290647055927118,0.160116241847845,ok,featureless,process features,2.101,90,2024,2,"1->2, 1->3, 2->1, 2->3",0.000676108063317193,-0.000794275361787111,0.0037133306639643
adjusted,0.165847918532073,0.0291730347170876,0.160224570972221,ok,featureless,process features,2.101,90,2024,2,"1->2, 1->3, 2->1, 2->3",0,0,0
raw,0.136224840878201,0.000322839857067938,0.131374376112201,ok,log_reg,process features,2.59699999999998,90,2024,2,"1->2, 1->3, 2->1, 2->3",0.180060989927828,0.178615914604578,0.988933621057982
adjusted,0.135669712437323,0.000579284236681898,0.131630820491815,ok,log_reg,process features,2.59699999999998,90,2024,2,"1->2, 1->3, 2->1, 2->3",0.178460459010143,0.181963128400152,0.980143161577134
raw,0.339074325956071,0.208324756969469,0.339376293224602,ok,naive_bayes,process features,2.12299999999999,90,2024,2,"1->2, 1->3, 2->1, 2->3",-1.11812889349812,-1.04448948746076,-6.1410039781513
adjusted,0.149540588123923,0.0166621743917592,0.147713710646893,ok,naive_bayes,process features,2.12299999999999,90,2024,2,"1->2, 1->3, 2->1, 2->3",0.0780832817926378,0.0983270127987512,0.428850150375354
raw,0.143552579132921,0.00819116513699753,0.139242701392131,ok,ranger,process features,4.67200000000003,90,2024,2,"1->2, 1->3, 2->1, 2->3",0.130952883523263,0.134432434223408,0.719221355733701
adjusted,0.145000034160806,0.0107237765953554,0.141775312850489,ok,ranger,process features,4.67200000000003,90,2024,2,"1->2, 1->3, 2->1, 2->3",0.115146247605998,0.125704829797033,0.632407917127864
raw,0.139633198141635,0.0037318337958895,0.134783370051023,ok,ranger_large_leaves,process features,7.76400000000001,90,2024,2,"1->2, 1->3, 2->1, 2->3",0.158784640625494,0.158064813972133,0.872079342033497
adjusted,0.139348539607819,0.00445365432219768,0.135505190577331,ok,ranger_large_leaves,process features,7.76400000000001,90,2024,2,"1->2, 1->3, 2->1, 2->3",0.154279585489891,0.159781196886891,0.847336611861329
raw,0.138305877371778,0.00315769603666596,0.1342092322918,ok,xgboost,process features,3.33300000000003,90,2024,2,"1->2, 1->3, 2->1, 2->3",0.162367972169088,0.166068054420404,0.891759768317268
adjusted,0.138214969054208,0.00411490827511598,0.13516644453025,ok,xgboost,process features,3.33300000000003,90,2024,2,"1->2, 1->3, 2->1, 2->3",0.156393780865958,0.166616197070458,0.858948226846426
reference,0.135642313105353,0,0.131051536255134,ok,"truth, all four transitions",,,90,2024,2,"1->2, 1->3, 2->1, 2->3",0.182075910954665,0.182128335972325,1
adjusted,0.135081709422113,0.00050047270674236,0.131552008961876,ok,"oracle, viable transitions",,,90,2024,2,"1->2, 1->3, 2->1, 2->3",0.178952340682606,0.185508563401174,0.98284468134372
reference,0.165847918532073,0.0291730347170876,0.160224570972221,ok,uniform forecast,,,90,2024,2,"1->2, 1->3, 2->1, 2->3",0,0,0
reference,0.179616858237548,0.0424648061763547,0.173516342431488,ok,persistence,,,90,2024,2,"1->2, 1->3, 2->1, 2->3",-0.0829571355917162,-0.0830214803257385,-0.455618401999216
raw,0.123761180598743,0.00518696160690129,0.126713239380019,ok,cv_glmnet,"available, all",5.873,90,4711,1,"1->2, 1->3, 2->1, 2->3",0.14855127540613,0.157182642713418,0.809962940231726
adjusted,0.124517493491478,0.00588734098812635,0.127413618761244,ok,cv_glmnet,"available, all",5.873,90,4711,1,"1->2, 1->3, 2->1, 2->3",0.143845081059006,0.152032129196554,0.784302823882832
raw,0.146935260793523,0.0272694749839706,0.148795752757088,ok,featureless,"available, all",2.136,90,4711,1,"1->2, 1->3, 2->1, 2->3",0.000167981421005492,-0.000633539491867285,0.000915904123272829
adjusted,0.146842230441465,0.0272944741053463,0.148820751878464,ok,featureless,"available, all",2.136,90,4711,1,"1->2, 1->3, 2->1, 2->3",-2.22044604925031e-16,0,-1.21067894284972e-15
raw,0.120016268269385,0.00138470163638617,0.122910979409504,ok,log_reg,"available, all",2.10400000000001,90,4711,1,"1->2, 1->3, 2->1, 2->3",0.174100534649359,0.182685608162113,0.949268059496521
adjusted,0.120235537415964,0.00156248767466329,0.123088765447781,ok,log_reg,"available, all",2.10400000000001,90,4711,1,"1->2, 1->3, 2->1, 2->3",0.172905902610258,0.181192378687727,0.942754431954517
raw,0.402493222874528,0.279452530027371,0.400978807800488,ok,naive_bayes,"available, all",2.14,90,4711,1,"1->2, 1->3, 2->1, 2->3",-1.69437429081095,-1.74099093744679,-9.23842880975801
adjusted,0.139760939030391,0.0191362416944266,0.140662519467544,ok,naive_bayes,"available, all",2.14,90,4711,1,"1->2, 1->3, 2->1, 2->3",0.0548191855500242,0.0482238072098541,0.298896852873294
raw,0.124809673567701,0.00686281305315777,0.128389090826275,ok,ranger,"available, all",3.342,90,4711,1,"1->2, 1->3, 2->1, 2->3",0.137290403349623,0.150042374101274,0.748564012383241
adjusted,0.125667179871898,0.00773857064720662,0.129264848420324,ok,ranger,"available, all",3.342,90,4711,1,"1->2, 1->3, 2->1, 2->3",0.13140575632967,0.144202730412812,0.716478485083146
raw,0.122469397113278,0.00437320305958888,0.125899480832706,ok,ranger_large_leaves,"available, all",5.426,90,4711,1,"1->2, 1->3, 2->1, 2->3",0.15401932026574,0.165979727050677,0.83977698039867
adjusted,0.123170145179044,0.00510144496678877,0.126627722739906,ok,ranger_large_leaves,"available, all",5.426,90,4711,1,"1->2, 1->3, 2->1, 2->3",0.149125903870461,0.161207611674473,0.81309605207636
raw,0.122665013480043,0.00475876776010355,0.126285045533221,ok,xgboost,"available, all",2.818,90,4711,1,"1->2, 1->3, 2->1, 2->3",0.151428520960885,0.164647573717284,0.825650871977363
adjusted,0.123343734646643,0.005445951269809,0.126972229042927,ok,xgboost,"available, all",2.818,90,4711,1,"1->2, 1->3, 2->1, 2->3",0.146810996180023,0.16002546218602,0.800474218745167
raw,0.123503814384345,0.00492489347665323,0.126451171249771,ok,cv_glmnet,"available, rpart top 4",2.85499999999999,90,4711,1,"1->2, 1->3, 2->1, 2->3",0.15031224037197,0.158935314363964,0.819564448919403
adjusted,0.124310589043288,0.00568338209964422,0.127209659872762,ok,cv_glmnet,"available, rpart top 4",2.85499999999999,90,4711,1,"1->2, 1->3, 2->1, 2->3",0.145215581381762,0.153441154703505,0.791775357982406
raw,0.146935260793523,0.0272694749839706,0.148795752757088,ok,featureless,"available, rpart top 4",2.01299999999999,90,4711,1,"1->2, 1->3, 2->1, 2->3",0.000167981421005492,-0.000633539491867285,0.000915904123272829
adjusted,0.146842230441465,0.0272944741053463,0.148820751878464,ok,featureless,"available, rpart top 4",2.01299999999999,90,4711,1,"1->2, 1->3, 2->1, 2->3",-2.22044604925031e-16,0,-1.21067894284972e-15
raw,0.118912631301329,0.000689821551207918,0.122216099324325,ok,log_reg,"available, rpart top 4",2.226,90,4711,1,"1->2, 1->3, 2->1, 2->3",0.178769776515209,0.190201409064466,0.974726695647424
adjusted,0.119030653894127,0.000801613294654927,0.122327891067772,ok,log_reg,"available, rpart top 4",2.226,90,4711,1,"1->2, 1->3, 2->1, 2->3",0.178018592678036,0.189397671662473,0.970630930951041
raw,0.239253915229229,0.11968645809481,0.241212735867927,ok,naive_bayes,"available, rpart top 4",1.865,90,4711,1,"1->2, 1->3, 2->1, 2->3",-0.620827289361612,-0.629326349170393,-3.3850069297128
adjusted,0.1352595967967,0.0154187120749583,0.136944989848076,ok,naive_bayes,"available, rpart top 4",1.865,90,4711,1,"1->2, 1->3, 2->1, 2->3",0.0797990997927925,0.078878083027908,0.435097667921794
raw,0.127789266586306,0.0102938044851577,0.131820082258275,ok,ranger,"available, rpart top 4",3.242,90,4711,1,"1->2, 1->3, 2->1, 2->3",0.114235880450815,0.129751256146671,0.622861226582805
adjusted,0.128985241236406,0.0116268013006366,0.133153079073754,ok,ranger,"available, rpart top 4",3.242,90,4711,1,"1->2, 1->3, 2->1, 2->3",0.105278817684679,0.121606632856048,0.574023619002089
raw,0.123665827955756,0.00605437656584348,0.127580654338961,ok,ranger_large_leaves,"available, rpart top 4",4.194,90,4711,1,"1->2, 1->3, 2->1, 2->3",0.142722686664349,0.157831997076262,0.778183065829519
adjusted,0.124565883090579,0.00707028796600604,0.128596565739124,ok,ranger_large_leaves,"available, rpart top 4",4.194,90,4711,1,"1->2, 1->3, 2->1, 2->3",0.135896277125764,0.1517025945732,0.740962660107778
raw,0.123802839633277,0.00534868944477058,0.126874967217888,ok,xgboost,"available, rpart top 4",2.50800000000001,90,4711,1,"1->2, 1->3, 2->1, 2->3",0.147464546332208,0.156898943436929,0.804037644245254
adjusted,0.124175705843322,0.00588232717619842,0.127408604949316,ok,xgboost,"available, rpart top 4",2.50800000000001,90,4711,1,"1->2, 1->3, 2->1, 2->3",0.143878771333143,0.154359713346754,0.784486517179453
raw,0.125616698673182,0.00687051468076433,0.128396792453882,ok,cv_glmnet,process features,3.61500000000001,90,4711,1,"1->2, 1->3, 2->1, 2->3",0.137238652316858,0.144546508892368,0.748281844367224
adjusted,0.126708148500799,0.0079402979278814,0.129466575700999,ok,cv_glmnet,process features,3.61500000000001,90,4711,1,"1->2, 1->3, 2->1, 2->3",0.130050251279947,0.137113702782471,0.709087711408731
raw,0.146935260793523,0.0272694749839706,0.148795752757088,ok,featureless,process features,2.02700000000002,90,4711,1,"1->2, 1->3, 2->1, 2->3",0.000167981421005492,-0.000633539491867285,0.000915904123272829
adjusted,0.146842230441465,0.0272944741053463,0.148820751878464,ok,featureless,process features,2.02700000000002,90,4711,1,"1->2, 1->3, 2->1, 2->3",-2.22044604925031e-16,0,-1.21067894284972e-15
raw,0.118847341952016,0.000551245443658264,0.122077523216776,ok,log_reg,process features,2.22,90,4711,1,"1->2, 1->3, 2->1, 2->3",0.179700937699389,0.190646031494379,0.979803771212786
adjusted,0.118932090036929,0.000630441095767214,0.122156718868885,ok,log_reg,process features,2.22,90,4711,1,"1->2, 1->3, 2->1, 2->3",0.179168783069679,0.190068894490551,0.976902244266222
raw,0.312167923417881,0.190273180019621,0.311799457792739,ok,naive_bayes,process features,2.173,90,4711,1,"1->2, 1->3, 2->1, 2->3",-1.09513427299019,-1.12587293504997,-5.97112460512115
adjusted,0.13594437566265,0.0152796184479944,0.136805896221112,ok,naive_bayes,process features,2.173,90,4711,1,"1->2, 1->3, 2->1, 2->3",0.0807337384450521,0.0742147183821126,0.440193704080142
raw,0.125710204759821,0.00737616981074835,0.128902447583866,ok,ranger,process features,3.19900000000001,90,4711,1,"1->2, 1->3, 2->1, 2->3",0.133840906212222,0.14390972963372,0.729755928534137
adjusted,0.127722331451158,0.00946435839608007,0.130990636169198,ok,ranger,process features,3.19900000000001,90,4711,1,"1->2, 1->3, 2->1, 2->3",0.119809337637451,0.130207086427553,0.653250018316848
raw,0.122035932521247,0.00394020665183533,0.125466484424953,ok,ranger_large_leaves,process features,4.57199999999997,90,4711,1,"1->2, 1->3, 2->1, 2->3",0.156928836595205,0.168931633942365,0.85564086574346
adjusted,0.122627960598976,0.00462385037177144,0.126150128144889,ok,ranger_large_leaves,process features,4.57199999999997,90,4711,1,"1->2, 1->3, 2->1, 2->3",0.152335097406906,0.16489990495031,0.830593901390987
raw,0.122188655400549,0.00465526743107103,0.126181545204189,ok,xgboost,process features,3.25400000000002,90,4711,1,"1->2, 1->3, 2->1, 2->3",0.152123990696968,0.167891586546985,0.829442860371536
adjusted,0.122608137966985,0.00510728549515975,0.126633563268277,ok,xgboost,process features,3.25400000000002,90,4711,1,"1->2, 1->3, 2->1, 2->3",0.149086658480975,0.165034897669577,0.812882069995282
reference,0.118084299253051,0,0.121526277773118,ok,"truth, all four transitions",,,90,4711,1,"1->2, 1->3, 2->1, 2->3",0.183405027597472,0.195842375193816,1
adjusted,0.118340334419305,0.000236985488028127,0.121763263261146,ok,"oracle, viable transitions",,,90,4711,1,"1->2, 1->3, 2->1, 2->3",0.181812605270365,0.194098768021106,0.991317455426565
reference,0.146842230441465,0.0272944741053463,0.148820751878464,ok,uniform forecast,,,90,4711,1,"1->2, 1->3, 2->1, 2->3",0,0,0
reference,0.15748031496063,0.0381800878494488,0.159706365622566,ok,persistence,,,90,4711,1,"1->2, 1->3, 2->1, 2->3",-0.0731458053174763,-0.0724456751111924,-0.39882115706235
raw,0.12281325042091,0.0042454179802904,0.125771695753408,ok,cv_glmnet,"available, all",5.76500000000002,90,4711,2,"1->2, 1->3, 2->1, 2->3",0.15487797121116,0.163638075697394,0.844458700178479
adjusted,0.1240199127207,0.00538071525158519,0.126906993024703,ok,cv_glmnet,"available, all",5.76500000000002,90,4711,2,"1->2, 1->3, 2->1, 2->3",0.147249349147605,0.155420669191365,0.802864300267605
raw,0.146927165633296,0.0272734325523988,0.148799710325516,ok,featureless,"available, all",2.20500000000001,90,4711,2,"1->2, 1->3, 2->1, 2->3",0.000141388567668765,-0.000578411207563745,0.000770908897759758
adjusted,0.146842230441465,0.0272944741053463,0.148820751878464,ok,featureless,"available, all",2.20500000000001,90,4711,2,"1->2, 1->3, 2->1, 2->3",0,0,0
raw,0.119173313560573,0.000794541949855501,0.122320819722973,ok,log_reg,"available, all",3.458,90,4711,2,"1->2, 1->3, 2->1, 2->3",0.178066108529893,0.188426155048913,0.970890007010618
adjusted,0.119445683154736,0.00102684289685848,0.122553120669976,ok,log_reg,"available, all",3.458,90,4711,2,"1->2, 1->3, 2->1, 2->3",0.176505163943396,0.186571309931512,0.962379092086726
raw,0.406678200066788,0.284313388268121,0.405839666041238,ok,naive_bayes,"available, all",2.23299999999998,90,4711,2,"1->2, 1->3, 2->1, 2->3",-1.72703679371726,-1.76949075783006,-9.41651827292146
adjusted,0.139277435348631,0.0188495732183393,0.140375850991457,ok,naive_bayes,"available, all",2.23299999999998,90,4711,2,"1->2, 1->3, 2->1, 2->3",0.0567454523674469,0.0515164818056163,0.309399655564453
raw,0.124075252972716,0.00626976641712199,0.12779604419024,ok,ranger,"available, all",4.923,90,4711,2,"1->2, 1->3, 2->1, 2->3",0.141275376067138,0.155043800412884,0.770291730372855
adjusted,0.124703475324281,0.00687205860870803,0.128398336381826,ok,ranger,"available, all",4.923,90,4711,2,"1->2, 1->3, 2->1, 2->3",0.137228277903853,0.150765587328833,0.748225278780441
raw,0.121824257151937,0.00383754247509307,0.125363820248211,ok,ranger_large_leaves,"available, all",8.25,90,4711,2,"1->2, 1->3, 2->1, 2->3",0.157618687811829,0.170373149565448,0.859402219647771
adjusted,0.122569519079665,0.00457759878698928,0.126103876560107,ok,ranger_large_leaves,"available, all",8.25,90,4711,2,"1->2, 1->3, 2->1, 2->3",0.152645884606933,0.165297893452222,0.832288441633956
raw,0.121711527955336,0.00336729746664526,0.124893575239763,ok,xgboost,"available, all",3.245,90,4711,2,"1->2, 1->3, 2->1, 2->3",0.160778495852792,0.171140838780342,0.876630798833172
adjusted,0.122139334913278,0.00383553649418048,0.125361814267298,ok,xgboost,"available, all",3.245,90,4711,2,"1->2, 1->3, 2->1, 2->3",0.157632166986522,0.168227460546742,0.859475713678279
raw,0.12502226685062,0.00666235118764262,0.12818862896076,ok,cv_glmnet,"available, rpart top 4",4.00200000000001,90,4711,2,"1->2, 1->3, 2->1, 2->3",0.138637405451043,0.148594607458938,0.755908424469786
adjusted,0.125846191431957,0.00743124062407332,0.128957518397191,ok,cv_glmnet,"available, rpart top 4",4.00200000000001,90,4711,2,"1->2, 1->3, 2->1, 2->3",0.133470858267767,0.142983656311846,0.727738274223875
raw,0.146927165633296,0.0272734325523988,0.148799710325516,ok,featureless,"available, rpart top 4",2.20799999999997,90,4711,2,"1->2, 1->3, 2->1, 2->3",0.000141388567668765,-0.000578411207563745,0.000770908897759758
adjusted,0.146842230441465,0.0272944741053463,0.148820751878464,ok,featureless,"available, rpart top 4",2.20799999999997,90,4711,2,"1->2, 1->3, 2->1, 2->3",0,0,0
raw,0.120683559069922,0.0027020457315849,0.124228323504702,ok,log_reg,"available, rpart top 4",2.14799999999997,90,4711,2,"1->2, 1->3, 2->1, 2->3",0.165248650227524,0.178141337767067,0.901003927712399
adjusted,0.120719137865482,0.00274052805019832,0.124266805823316,ok,log_reg,"available, rpart top 4",2.14799999999997,90,4711,2,"1->2, 1->3, 2->1, 2->3",0.164990068557107,0.177899045100626,0.899594033590062
raw,0.205353556109878,0.0857189890729699,0.207245266846087,ok,naive_bayes,"available, rpart top 4",2.38299999999998,90,4711,2,"1->2, 1->3, 2->1, 2->3",-0.392583119156237,-0.398463885304012,-2.14052539507181
adjusted,0.135135625640097,0.0151911514508711,0.136717429223989,ok,naive_bayes,"available, rpart top 4",2.38299999999998,90,4711,2,"1->2, 1->3, 2->1, 2->3",0.0813281918126544,0.0797223303280892,0.443434909489772
raw,0.129853133003403,0.0114190786015007,0.132945356374618,ok,ranger,"available, rpart top 4",5.29900000000004,90,4711,2,"1->2, 1->3, 2->1, 2->3",0.106674608906763,0.115696263853976,0.58163404953591
adjusted,0.132513327500906,0.014106020970927,0.135632298744044,ok,ranger,"available, rpart top 4",5.29900000000004,90,4711,2,"1->2, 1->3, 2->1, 2->3",0.0886197184730647,0.0975802594218337,0.483191325962789
raw,0.125004240106281,0.00675140714276829,0.128277684915886,ok,ranger_large_leaves,"available, rpart top 4",10.363,90,4711,2,"1->2, 1->3, 2->1, 2->3",0.138038994584268,0.148717370129354,0.752645641139286
adjusted,0.126139462962105,0.00798826514802628,0.129514542921144,ok,ranger_large_leaves,"available, rpart top 4",10.363,90,4711,2,"1->2, 1->3, 2->1, 2->3",0.129727935880116,0.140986468382555,0.707330314656563
raw,0.123722928969814,0.00490905254756964,0.126435330320687,ok,xgboost,"available, rpart top 4",3.62900000000002,90,4711,2,"1->2, 1->3, 2->1, 2->3",0.150418683384008,0.157443137455386,0.820144820207103
adjusted,0.123838811351854,0.00517329685669065,0.126699574629808,ok,xgboost,"available, rpart top 4",3.62900000000002,90,4711,2,"1->2, 1->3, 2->1, 2->3",0.148643095599471,0.156653974952936,0.81046358186922
raw,0.122219481520381,0.00376367304884344,0.125289950821961,ok,cv_glmnet,process features,4.80000000000001,90,4711,2,"1->2, 1->3, 2->1, 2->3",0.158115052904178,0.167681659745011,0.862108607247127
adjusted,0.123190977350779,0.00464882145118987,0.126175099224307,ok,cv_glmnet,process features,4.80000000000001,90,4711,2,"1->2, 1->3, 2->1, 2->3",0.152167304413636,0.161065743959217,0.829679024653592
raw,0.146927165633296,0.0272734325523988,0.148799710325516,ok,featureless,process features,2.76100000000002,90,4711,2,"1->2, 1->3, 2->1, 2->3",0.000141388567668765,-0.000578411207563745,0.000770908897759758
adjusted,0.146842230441465,0.0272944741053463,0.148820751878464,ok,featureless,process features,2.76100000000002,90,4711,2,"1->2, 1->3, 2->1, 2->3",0,0,0
raw,0.118397014955481,0.000280940442310307,0.121807218215428,ok,log_reg,process features,2.24799999999999,90,4711,2,"1->2, 1->3, 2->1, 2->3",0.181517250262899,0.193712771867236,0.989707057874572
adjusted,0.118619779328976,0.000491309936339817,0.122017587709457,ok,log_reg,process features,2.24799999999999,90,4711,2,"1->2, 1->3, 2->1, 2->3",0.180103673921064,0.192195739792574,0.981999655518419
raw,0.318095562634422,0.19631064635601,0.317836924129128,ok,naive_bayes,process features,2.31700000000001,90,4711,2,"1->2, 1->3, 2->1, 2->3",-1.13570298575492,-1.16624033616285,-6.19232199156232
adjusted,0.135237332907611,0.0146430351839752,0.136169312957093,ok,naive_bayes,process features,2.31700000000001,90,4711,2,"1->2, 1->3, 2->1, 2->3",0.0850112552293982,0.079029700781339,0.463516493211824
raw,0.125884853287129,0.00733848227941767,0.128864760052535,ok,ranger,process features,4.94499999999999,90,4711,2,"1->2, 1->3, 2->1, 2->3",0.134094147315059,0.142720367916843,0.731136703675113
adjusted,0.128125900768774,0.00962011089918182,0.131146388672299,ok,ranger,process features,4.94499999999999,90,4711,2,"1->2, 1->3, 2->1, 2->3",0.118762759783652,0.127458767252599,0.647543643374411
raw,0.122098524120198,0.00373392823930986,0.125260206012427,ok,ranger_large_leaves,process features,7.38299999999998,90,4711,2,"1->2, 1->3, 2->1, 2->3",0.158314922943525,0.168505383273444,0.863198381295117
adjusted,0.122872966828439,0.00454712748709914,0.126073405260217,ok,ranger_large_leaves,process features,7.38299999999998,90,4711,2,"1->2, 1->3, 2->1, 2->3",0.152850636293143,0.16323140516842,0.833404832437915
raw,0.1214058289048,0.00295713987161166,0.124483417644729,ok,xgboost,process features,3.06400000000002,90,4711,2,"1->2, 1->3, 2->1, 2->3",0.163534546940133,0.173222658496765,0.891657928260562
adjusted,0.121645777662982,0.00322106924770685,0.124747347020824,ok,xgboost,process features,3.06400000000002,90,4711,2,"1->2, 1->3, 2->1, 2->3",0.161761075345858,0.171588600246212,0.881988228266471
reference,0.118084299253051,0,0.121526277773118,ok,"truth, all four transitions",,,90,4711,2,"1->2, 1->3, 2->1, 2->3",0.183405027597472,0.195842375193816,1
adjusted,0.118340334419305,0.000236985488028127,0.121763263261146,ok,"oracle, viable transitions",,,90,4711,2,"1->2, 1->3, 2->1, 2->3",0.181812605270365,0.194098768021106,0.991317455426565
reference,0.146842230441465,0.0272944741053463,0.148820751878464,ok,uniform forecast,,,90,4711,2,"1->2, 1->3, 2->1, 2->3",0,0,0
reference,0.15748031496063,0.0381800878494488,0.159706365622566,ok,persistence,,,90,4711,2,"1->2, 1->3, 2->1, 2->3",-0.0731458053174763,-0.0724456751111924,-0.39882115706235
raw,0.165162101571423,0.0231330761414407,0.172109362413243,ok,cv_glmnet,"available, all",1.28499999999997,30,1337,1,"1->2, 2->3",-0.00830813697042521,-0.00621346876841322,-0.0653064442812686
adjusted,0.164648077249666,0.0224985481360919,0.171474834407894,ok,cv_glmnet,"available, all",1.28499999999997,30,1337,1,"1->2, 2->3",-0.0045907346051044,-0.00308188960524247,-0.0360856537110026
raw,0.165162101571423,0.0231330761414407,0.172109362413243,ok,featureless,"available, all",0.938999999999965,30,1337,1,"1->2, 2->3",-0.00830813697042543,-0.00621346876841322,-0.0653064442812704
adjusted,0.164648077249666,0.0224985481360919,0.171474834407894,ok,featureless,"available, all",0.938999999999965,30,1337,1,"1->2, 2->3",-0.0045907346051044,-0.00308188960524247,-0.0360856537110026
raw,0.169468281747722,0.0139311302894794,0.162907416561282,ok,log_reg,"available, all",0.954999999999984,30,1337,1,"1->2, 2->3",0.045601753510814,-0.0324479163269658,0.358454414676038
adjusted,0.168250766507904,0.0132729314529184,0.162249217724721,ok,log_reg,"available, all",0.954999999999984,30,1337,1,"1->2, 2->3",0.049457832188599,-0.0250304747887424,0.388765275969177
raw,0.527340536495176,0.364280769399215,0.513257055671017,ok,naive_bayes,"available, all",1.05700000000002,30,1337,1,"1->2, 2->3",-2.00693267544606,-2.21270524775653,-15.7755748866244
adjusted,0.176889856840077,0.0290542786489002,0.178030564920703,ok,naive_bayes,"available, all",1.05700000000002,30,1337,1,"1->2, 2->3",-0.0429976889227814,-0.0776622163773564,-0.337985060411833
raw,0.160590195795751,0.0131230678478335,0.162099354119636,ok,ranger,"available, all",1.23599999999999,30,1337,1,"1->2, 2->3",0.0503358128534742,0.0216398530629957,0.39566667824201
adjusted,0.162502808784822,0.0134759458039625,0.162452232075765,ok,ranger,"available, all",1.23599999999999,30,1337,1,"1->2, 2->3",0.0482684661993854,0.0099876826689772,0.379416216850254
raw,0.157498800547423,0.0096361590990903,0.158612445370893,ok,ranger_large_leaves,"available, all",1.28200000000004,30,1337,1,"1->2, 2->3",0.0707639779162751,0.0404734929026387,0.556243090040633
adjusted,0.157752906494798,0.00855986697488693,0.157536153246689,ok,ranger_large_leaves,"available, all",1.28200000000004,30,1337,1,"1->2, 2->3",0.0770694693281006,0.0389254087821882,0.605807658489403
raw,0.168365169934101,0.0221523072004973,0.1711285934723,ok,xgboost,"available, all",1.40899999999999,30,1337,1,"1->2, 2->3",-0.00256227114549312,-0.0257274522867117,-0.0201408352308478
adjusted,0.184063941581564,0.0326807322277001,0.181657018499503,ok,xgboost,"available, all",1.40899999999999,30,1337,1,"1->2, 2->3",-0.064243381780964,-0.121368736361599,-0.504987682275063
raw,0.160829981631635,0.0168815889977218,0.165857875269524,ok,cv_glmnet,"available, rpart top 4",1.17699999999996,30,1337,1,"1->2, 2->3",0.0283163979577962,0.0201790110454272,0.22258218323312
adjusted,0.15999031927499,0.0157086075874434,0.164684893859246,ok,cv_glmnet,"available, rpart top 4",1.17699999999996,30,1337,1,"1->2, 2->3",0.0351883466066962,0.025294467705492,0.276599411540824
raw,0.165162101571423,0.0231330761414407,0.172109362413243,ok,featureless,"available, rpart top 4",0.954000000000008,30,1337,1,"1->2, 2->3",-0.00830813697042543,-0.00621346876841322,-0.0653064442812704
adjusted,0.164648077249666,0.0224985481360919,0.171474834407894,ok,featureless,"available, rpart top 4",0.954000000000008,30,1337,1,"1->2, 2->3",-0.0045907346051044,-0.00308188960524247,-0.0360856537110026
raw,0.157382928084219,0.00458089896344588,0.153557185235248,ok,log_reg,"available, rpart top 4",0.92900000000003,30,1337,1,"1->2, 2->3",0.100380379126534,0.0411794201827245,0.789044001043246
adjusted,0.158244275753905,0.00426093040773205,0.153237216679535,ok,log_reg,"available, rpart top 4",0.92900000000003,30,1337,1,"1->2, 2->3",0.102254925018618,0.0359318505630303,0.80377894430307
raw,0.211273760786379,0.0514793341655175,0.20045562043732,ok,naive_bayes,"available, rpart top 4",0.989000000000033,30,1337,1,"1->2, 2->3",-0.174375585118386,-0.287138524382845,-1.37068628912658
adjusted,0.169779809895225,0.0165719431491549,0.165548229420957,ok,naive_bayes,"available, rpart top 4",0.989000000000033,30,1337,1,"1->2, 2->3",0.0301304679439455,-0.0343458324647234,0.236841753205848
raw,0.16405336769,0.0164599515521739,0.165436237823976,ok,ranger,"available, rpart top 4",1.01900000000001,30,1337,1,"1->2, 2->3",0.0307865742528929,0.000541246472872126,0.241999103194225
adjusted,0.170344642157322,0.0201437004666501,0.169119986738453,ok,ranger,"available, rpart top 4",1.01900000000001,30,1337,1,"1->2, 2->3",0.00920521486057846,-0.0377869477345632,0.0723579610602768
raw,0.157568220118691,0.0100428921069833,0.159019178378786,ok,ranger_large_leaves,"available, rpart top 4",1.25599999999997,30,1337,1,"1->2, 2->3",0.0683811197400405,0.0400505695628355,0.537512537659229
adjusted,0.159042982682204,0.0097300690292613,0.158706355301064,ok,ranger_large_leaves,"available, rpart top 4",1.25599999999997,30,1337,1,"1->2, 2->3",0.0702138036235693,0.0310659057657273,0.551918422919776
raw,0.167711593196728,0.0229892120433858,0.171965498315188,ok,xgboost,"available, rpart top 4",1.32800000000003,30,1337,1,"1->2, 2->3",-0.00746530460702144,-0.0217456809859045,-0.0586813266435823
adjusted,0.180203701102721,0.032653624645782,0.181629910917585,ok,xgboost,"available, rpart top 4",1.32800000000003,30,1337,1,"1->2, 2->3",-0.0640845711559157,-0.0978510774946972,-0.503739344979601
raw,0.162026289486173,0.0184685640520122,0.167444850323815,ok,cv_glmnet,process features,1.238,30,1337,1,"1->2, 2->3",0.01901905446658,0.0128907707979564,0.149500041372158
adjusted,0.161280524525005,0.017434753650365,0.166411039922168,ok,cv_glmnet,process features,1.238,30,1337,1,"1->2, 2->3",0.0250756653647292,0.0174341784037133,0.197108274549018
raw,0.165162101571423,0.0231330761414407,0.172109362413243,ok,featureless,process features,1.00900000000001,30,1337,1,"1->2, 2->3",-0.00830813697042543,-0.00621346876841322,-0.0653064442812704
adjusted,0.164648077249666,0.0224985481360919,0.171474834407894,ok,featureless,process features,1.00900000000001,30,1337,1,"1->2, 2->3",-0.0045907346051044,-0.00308188960524247,-0.0360856537110026
raw,0.15752560781902,0.00590234860512733,0.15487863487693,ok,log_reg,process features,1.089,30,1337,1,"1->2, 2->3",0.0926386246535565,0.0403101755466261,0.728189629127072
adjusted,0.158363052403321,0.00565591697745795,0.15463220324926,ok,log_reg,process features,1.089,30,1337,1,"1->2, 2->3",0.0940823521295162,0.0352082301726351,0.739538106926815
raw,0.264098509781252,0.0986866353529464,0.247662921624749,ok,naive_bayes,process features,1.06,30,1337,1,"1->2, 2->3",-0.450941050496204,-0.608961590432689,-3.54464023561469
adjusted,0.16603636097663,0.0130846424339689,0.162060928705771,ok,naive_bayes,process features,1.06,30,1337,1,"1->2, 2->3",0.0505609293545345,-0.0115397002727788,0.397436215538473
raw,0.163619293178253,0.0148502307033357,0.163826516975138,ok,ranger,process features,1.08600000000001,30,1337,1,"1->2, 2->3",0.0402171747000516,0.00318574915244463,0.3161287167085
adjusted,0.169543790830828,0.0172016996097347,0.166177985881537,ok,ranger,process features,1.08600000000001,30,1337,1,"1->2, 2->3",0.0264410198243963,-0.0329079386669147,0.207840698107013
raw,0.158164047928258,0.0103612337948984,0.159337520066701,ok,ranger_large_leaves,process features,1.101,30,1337,1,"1->2, 2->3",0.0665161049043511,0.0364206207952361,0.522852513650928
adjusted,0.158708439148738,0.00879310550976206,0.157769391781565,ok,ranger_large_leaves,process features,1.101,30,1337,1,"1->2, 2->3",0.0757030340030716,0.0331040380373605,0.595066738745828
raw,0.167015820513564,0.0220775726642628,0.171053858936065,ok,xgboost,process features,1.55099999999999,30,1337,1,"1->2, 2->3",-0.00212443650395255,-0.0175068402449641,-0.0166992184491356
adjusted,0.179507528503456,0.0309614677382747,0.179937754010077,ok,xgboost,process features,1.55099999999999,30,1337,1,"1->2, 2->3",-0.0541710164547271,-0.0936098003536137,-0.425813450157799
reference,0.155530198621759,0,0.148976286271803,ok,"truth, all four transitions",,,30,1337,1,"1->2, 2->3",0.127217720423468,0.0524667634737912,1
adjusted,0.154839539899676,0.00325587565213409,0.152232161923937,ok,"oracle, viable transitions",,,30,1337,1,"1->2, 2->3",0.10814307005594,0.0566744485411922,0.850062944815912
reference,0.164142209081715,0.0217149499710836,0.170691236242886,ok,uniform forecast,,,30,1337,1,"1->2, 2->3",0,0,0
reference,0.177897574123989,0.0364579650508302,0.185434251322633,ok,persistence,,,30,1337,1,"1->2, 2->3",-0.0863724196054678,-0.0838015104050787,-0.678933872718055
raw,0.158933900425546,0.0128391072675167,0.161815393539319,ok,cv_glmnet,"available, all",2.03299999999996,30,1337,2,"1->2, 2->1, 2->3",0.0519994048841324,0.0317304652185869,0.408743410202939
adjusted,0.158496778163173,0.0121303257537241,0.161106612025527,ok,cv_glmnet,"available, all",2.03299999999996,30,1337,2,"1->2, 2->1, 2->3",0.056151823774485,0.0343935356428132,0.441383665636935
raw,0.164450573675849,0.0220701098097753,0.171046396081578,ok,featureless,"available, all",1.38,30,1337,2,"1->2, 2->1, 2->3",-0.00208071513517116,-0.00187864289057105,-0.0163555448741348
adjusted,0.164246632046936,0.0217869118414183,0.170763198113221,ok,featureless,"available, all",1.38,30,1337,2,"1->2, 2->1, 2->3",-0.000421590890772317,-0.000636173753264524,-0.00331393212650701
raw,0.161669896601032,0.00451772605476891,0.153494012326571,ok,log_reg,"available, all",1.53999999999996,30,1337,2,"1->2, 2->1, 2->3",0.100750479607774,0.0150620153982021,0.791953190737954
adjusted,0.162580937580258,0.00478239058185699,0.15375867685366,ok,log_reg,"available, all",1.53999999999996,30,1337,2,"1->2, 2->1, 2->3",0.0991999341145572,0.00951170031274484,0.779765065624127
raw,0.587954644954283,0.413304142826956,0.562280429098758,ok,naive_bayes,"available, all",1.86899999999997,30,1337,2,"1->2, 2->1, 2->3",-2.29413765741703,-2.58198325856319,-18.0331611805381
adjusted,0.169929221311973,0.0182813765805395,0.167257662852342,ok,naive_bayes,"available, all",1.86899999999997,30,1337,2,"1->2, 2->1, 2->3",0.0201156981818226,-0.0352560883799056,0.158120253333134
raw,0.16191472165252,0.00993983200714383,0.158916118278946,ok,ranger,"available, all",1.80200000000002,30,1337,2,"1->2, 2->1, 2->3",0.0689849005908205,0.013570473077323,0.542258581282478
adjusted,0.163055106024789,0.0106747107775711,0.159650997049374,ok,ranger,"available, all",1.80200000000002,30,1337,2,"1->2, 2->1, 2->3",0.0646795900980102,0.00662293424103533,0.50841651526778
raw,0.157749803172625,0.00645450664921038,0.155430792921013,ok,ranger_large_leaves,"available, all",1.81500000000005,30,1337,2,"1->2, 2->1, 2->3",0.08940378930854,0.0389443150841743,0.702762075998083
adjusted,0.158630126832297,0.00633872323937981,0.155315009511182,ok,ranger_large_leaves,"available, all",1.81500000000005,30,1337,2,"1->2, 2->1, 2->3",0.0900821100728574,0.0335811384546096,0.70809404360495
raw,0.165882284666075,0.0136175285468963,0.162593814818699,ok,xgboost,"available, all",2.30200000000002,30,1337,2,"1->2, 2->1, 2->3",0.0474389992270314,-0.0106010245268104,0.372896158405621
adjusted,0.17573450010728,0.0188823653891523,0.167858651660955,ok,xgboost,"available, all",2.30200000000002,30,1337,2,"1->2, 2->1, 2->3",0.0165947862601492,-0.0706234617556161,0.130443983785517
raw,0.159924826732742,0.0145502100789235,0.163526496350726,ok,cv_glmnet,"available, rpart top 4",1.76400000000001,30,1337,2,"1->2, 2->1, 2->3",0.0419748550064103,0.0256934664920541,0.329945033338824
adjusted,0.15949394653638,0.013882259891499,0.162858546163302,ok,cv_glmnet,"available, rpart top 4",1.76400000000001,30,1337,2,"1->2, 2->1, 2->3",0.0458880622812936,0.0283185085136836,0.360704956263535
raw,0.164450573675849,0.0220701098097753,0.171046396081578,ok,featureless,"available, rpart top 4",1.40700000000004,30,1337,2,"1->2, 2->1, 2->3",-0.00208071513517116,-0.00187864289057105,-0.0163555448741348
adjusted,0.164246632046936,0.0217869118414183,0.170763198113221,ok,featureless,"available, rpart top 4",1.40700000000004,30,1337,2,"1->2, 2->1, 2->3",-0.000421590890772317,-0.000636173753264524,-0.00331393212650701
raw,0.157112211080803,0.00225665274208776,0.15123293901389,ok,log_reg,"available, rpart top 4",1.53899999999999,30,1337,2,"1->2, 2->1, 2->3",0.113997049041859,0.0428287034775585,0.896078381709708
adjusted,0.158989710436951,0.00231815380118468,0.151294440072987,ok,log_reg,"available, rpart top 4",1.53899999999999,30,1337,2,"1->2, 2->1, 2->3",0.113636743144201,0.0313904551034724,0.89324618273256
raw,0.241322203812094,0.0720463673724478,0.22102265364425,ok,naive_bayes,"available, rpart top 4",1.47199999999998,30,1337,2,"1->2, 2->1, 2->3",-0.294868198914119,-0.470201998390043,-2.3178233184229
adjusted,0.172493572540268,0.0150188871303274,0.16399517340213,ok,naive_bayes,"available, rpart top 4",1.47199999999998,30,1337,2,"1->2, 2->1, 2->3",0.0392290956943331,-0.0508788294325635,0.30836188200631
raw,0.167649171608114,0.0123385388139845,0.161314825085787,ok,ranger,"available, rpart top 4",1.74200000000008,30,1337,2,"1->2, 2->1, 2->3",0.0549320009830903,-0.0213653913031755,0.43179519960143
adjusted,0.174258960650617,0.0151833026373751,0.164159588909178,ok,ranger,"available, rpart top 4",1.74200000000008,30,1337,2,"1->2, 2->1, 2->3",0.0382658622520857,-0.0616340649093232,0.300790346853494
raw,0.159744321722288,0.00687069076001866,0.155846977031821,ok,ranger_large_leaves,"available, rpart top 4",1.83699999999999,30,1337,2,"1->2, 2->1, 2->3",0.0869655615472971,0.0267931532299375,0.683596288770275
adjusted,0.162259988215457,0.0071009573029158,0.156077243574718,ok,ranger_large_leaves,"available, rpart top 4",1.83699999999999,30,1337,2,"1->2, 2->1, 2->3",0.0856165377311623,0.0114670131271435,0.672992232891548
raw,0.167369325421044,0.0131809459878294,0.162157232259632,ok,xgboost,"available, rpart top 4",2.11800000000005,30,1337,2,"1->2, 2->1, 2->3",0.0499967319418245,-0.0196604904819009,0.393001319119704
adjusted,0.177743817139617,0.0177414006749101,0.166717686946713,ok,xgboost,"available, rpart top 4",2.11800000000005,30,1337,2,"1->2, 2->1, 2->3",0.023279164083851,-0.0828647800830453,0.182986804089572
raw,0.158955370828058,0.0132026615572284,0.162178947829031,ok,cv_glmnet,process features,2.40499999999997,30,1337,2,"1->2, 2->1, 2->3",0.0498695105924628,0.0315996615536899,0.392001290594289
adjusted,0.158449619832007,0.0124135166892846,0.161389802961087,ok,cv_glmnet,process features,2.40499999999997,30,1337,2,"1->2, 2->1, 2->3",0.0544927407319466,0.0346808373151248,0.428342376758185
raw,0.164450573675849,0.0220701098097753,0.171046396081578,ok,featureless,process features,1.59799999999996,30,1337,2,"1->2, 2->1, 2->3",-0.00208071513517116,-0.00187864289057105,-0.0163555448741348
adjusted,0.164246632046936,0.0217869118414183,0.170763198113221,ok,featureless,process features,1.59799999999996,30,1337,2,"1->2, 2->1, 2->3",-0.000421590890772317,-0.000636173753264524,-0.00331393212650701
raw,0.156044215947868,0.00234779947424122,0.151324085746044,ok,log_reg,process features,1.57100000000003,30,1337,2,"1->2, 2->1, 2->3",0.113463063032034,0.0493352269300547,0.891880963236498
adjusted,0.156876849469424,0.00201978620703754,0.15099607247884,ok,log_reg,process features,1.57100000000003,30,1337,2,"1->2, 2->1, 2->3",0.115384739120529,0.0442625918886854,0.906986375297796
raw,0.300375301486279,0.129469188549518,0.278445474821321,ok,naive_bayes,process features,1.63299999999992,30,1337,2,"1->2, 2->1, 2->3",-0.631281610879573,-0.829969897241619,-4.96221445234386
adjusted,0.162301266732377,0.008228410605736,0.157204696877538,ok,naive_bayes,process features,1.63299999999992,30,1337,2,"1->2, 2->1, 2->3",0.0790113169381284,0.0112155329189101,0.621071629605723
raw,0.169637847650902,0.0123023498008592,0.161278636072662,ok,ranger,process features,1.80999999999995,30,1337,2,"1->2, 2->1, 2->3",0.0551440154597664,-0.0334809589802167,0.433461747909091
adjusted,0.179168567772647,0.016775940896582,0.165752227168384,ok,ranger,process features,1.80999999999995,30,1337,2,"1->2, 2->1, 2->3",0.0289353406959548,-0.0915447572869656,0.227447407480956
raw,0.161541904033192,0.00755259046198898,0.156528876733791,ok,ranger_large_leaves,process features,2.72799999999995,30,1337,2,"1->2, 2->1, 2->3",0.0829706306007545,0.0158417817273845,0.652193973642755
adjusted,0.165324599287937,0.00776280236859427,0.156739088640397,ok,ranger_large_leaves,process features,2.72799999999995,30,1337,2,"1->2, 2->1, 2->3",0.0817390975049008,-0.00720345006221423,0.642513458288807
raw,0.172454190307384,0.0133415874565981,0.162317873728401,ok,xgboost,process features,2.17399999999998,30,1337,2,"1->2, 2->1, 2->3",0.0490556088220638,-0.0506389019141986,0.385603583044667
adjusted,0.184804802344977,0.0187362157044057,0.167712501976208,ok,xgboost,process features,2.17399999999998,30,1337,2,"1->2, 2->1, 2->3",0.0174510088053921,-0.125882266230346,0.137174355485251
reference,0.155530198621759,0,0.148976286271803,ok,"truth, all four transitions",,,30,1337,2,"1->2, 2->1, 2->3",0.127217720423468,0.0524667634737912,1
adjusted,0.15443444552408,0.000889913539306487,0.149866199811109,ok,"oracle, viable transitions",,,30,1337,2,"1->2, 2->1, 2->3",0.122004133839326,0.059142396169422,0.959018393296254
reference,0.164142209081715,0.0217149499710836,0.170691236242886,ok,uniform forecast,,,30,1337,2,"1->2, 2->1, 2->3",0,0,0
reference,0.177897574123989,0.0364579650508302,0.185434251322633,ok,persistence,,,30,1337,2,"1->2, 2->1, 2->3",-0.0863724196054678,-0.0838015104050787,-0.678933872718055
raw,0.150470189438722,0.0217830088632567,0.150964355870297,ok,cv_glmnet,"available, all",1.94300000000004,30,2024,1,"1->2, 2->1, 2->3",0.0150632129013782,0.0144974113669986,0.0958328752083253
adjusted,0.148884950667325,0.0210943715208055,0.150275718527846,ok,cv_glmnet,"available, all",1.94300000000004,30,2024,1,"1->2, 2->1, 2->3",0.0195560896976248,0.0248799125032111,0.124416770567175
raw,0.153400300253488,0.0241170766889273,0.153298423695968,ok,featureless,"available, all",1.44499999999999,30,2024,1,"1->2, 2->1, 2->3",-0.000164946433540258,-0.0046933120826409,-0.00104939703667573
adjusted,0.152683707962087,0.0240917948308236,0.153273141837864,ok,featureless,"available, all",1.44499999999999,30,2024,1,"1->2, 2->1, 2->3",0,0,0
raw,0.131559298153525,0.0157152668941825,0.144896613901223,ok,log_reg,"available, all",1.57400000000001,30,2024,1,"1->2, 2->1, 2->3",0.0546509834417174,0.13835405290136,0.347692149773914
adjusted,0.133984911842955,0.0150603574787204,0.144241704485761,ok,log_reg,"available, all",1.57400000000001,30,2024,1,"1->2, 2->1, 2->3",0.0589238091149512,0.122467526946457,0.374876069447019
raw,0.300915195826258,0.205638674051247,0.334820021058288,ok,naive_bayes,"available, all",1.596,30,2024,1,"1->2, 2->1, 2->3",-1.18446635231414,-0.970840241193111,-7.53563113480231
adjusted,0.129778523569454,0.0163284366702783,0.145509783677319,ok,naive_bayes,"available, all",1.596,30,2024,1,"1->2, 2->1, 2->3",0.0506504797086859,0.150017213351411,0.322240755205696
raw,0.134360682813791,0.0116150494952277,0.140796396502268,ok,ranger,"available, all",1.637,30,2024,1,"1->2, 2->1, 2->3",0.0814020329066788,0.120006419760554,0.517883595772318
adjusted,0.133879969888098,0.0126272107260683,0.141808557733109,ok,ranger,"available, all",1.637,30,2024,1,"1->2, 2->1, 2->3",0.0747983891194894,0.123154842942763,0.475870900663956
raw,0.128227224800424,0.00684346349451347,0.136024810501554,ok,ranger_large_leaves,"available, all",1.65900000000005,30,2024,1,"1->2, 2->1, 2->3",0.112533292718406,0.16017742487454,0.7159421478321
adjusted,0.12798076674811,0.00706281764534304,0.136244164652384,ok,ranger_large_leaves,"available, all",1.65900000000005,30,2024,1,"1->2, 2->1, 2->3",0.111102160373891,0.161791598748119,0.706837215950938
raw,0.145964203575634,0.0186050044467522,0.147786351453793,ok,xgboost,"available, all",1.99600000000004,30,2024,1,"1->2, 2->1, 2->3",0.0357974679600124,0.0440093083678711,0.227745189704648
adjusted,0.148983572740506,0.023140976728,0.152322323735041,ok,xgboost,"available, all",1.99600000000004,30,2024,1,"1->2, 2->1, 2->3",0.00620342280077635,0.0242339884914257,0.03946647020284
raw,0.145138531991077,0.0172232392326073,0.146404586239648,ok,cv_glmnet,"available, rpart top 4",1.62,30,2024,1,"1->2, 2->1, 2->3",0.0448125191136357,0.0494170338912877,0.28509937289639
adjusted,0.144527362850766,0.0173340332708633,0.146515380277904,ok,cv_glmnet,"available, rpart top 4",1.62,30,2024,1,"1->2, 2->1, 2->3",0.0440896655404166,0.0534198783890332,0.280500544165113
raw,0.153400300253488,0.0241170766889273,0.153298423695968,ok,featureless,"available, rpart top 4",1.47200000000004,30,2024,1,"1->2, 2->1, 2->3",-0.000164946433540258,-0.0046933120826409,-0.00104939703667573
adjusted,0.152683707962087,0.0240917948308236,0.153273141837864,ok,featureless,"available, rpart top 4",1.47200000000004,30,2024,1,"1->2, 2->1, 2->3",0,0,0
raw,0.128640374968461,0.00549919585554449,0.134680542862585,ok,log_reg,"available, rpart top 4",1.39699999999999,30,2024,1,"1->2, 2->1, 2->3",0.12130369843235,0.157471503112802,0.771739885128496
adjusted,0.129512801740273,0.00707825464933014,0.136259601656371,ok,log_reg,"available, rpart top 4",1.39699999999999,30,2024,1,"1->2, 2->1, 2->3",0.111001444724678,0.151757555086153,0.70619645821182
raw,0.150265203725706,0.0315246912965562,0.160706038303597,ok,naive_bayes,"available, rpart top 4",1.43399999999997,30,2024,1,"1->2, 2->1, 2->3",-0.0484944483854535,0.0158399626827374,-0.308523981626424
adjusted,0.140326693236675,0.0197273896584908,0.148908736665531,ok,naive_bayes,"available, rpart top 4",1.43399999999997,30,2024,1,"1->2, 2->1, 2->3",0.0284746898249765,0.080932110507042,0.181157327753302
raw,0.136515870790863,0.0138510342946479,0.143032381301689,ok,ranger,"available, rpart top 4",1.51400000000001,30,2024,1,"1->2, 2->1, 2->3",0.0668137966859752,0.105891043563332,0.425072544743468
adjusted,0.138069895724126,0.0171642092741476,0.146345556281188,ok,ranger,"available, rpart top 4",1.51400000000001,30,2024,1,"1->2, 2->1, 2->3",0.0451976482872918,0.0957129770622936,0.287549582973065
raw,0.131770452415493,0.00824125670949107,0.137422603716532,ok,ranger_large_leaves,"available, rpart top 4",1.69799999999998,30,2024,1,"1->2, 2->1, 2->3",0.103413670074693,0.136971100752853,0.657922675858628
adjusted,0.131825103244507,0.00958643264770751,0.138767779654748,ok,ranger_large_leaves,"available, rpart top 4",1.69799999999998,30,2024,1,"1->2, 2->1, 2->3",0.0946373383437273,0.136613165844516,0.602087236960759
raw,0.140962042668932,0.0172091445777516,0.146390491584792,ok,xgboost,"available, rpart top 4",1.91200000000003,30,2024,1,"1->2, 2->1, 2->3",0.0449044768740542,0.0767708974952688,0.285684412531448
adjusted,0.139941854512107,0.0201285679802842,0.149309914987325,ok,xgboost,"available, rpart top 4",1.91200000000003,30,2024,1,"1->2, 2->1, 2->3",0.0258572819935525,0.0834526068304801,0.164505254937203
raw,0.149010006777669,0.0206448952376192,0.14982624224466,ok,cv_glmnet,process features,1.90200000000004,30,2024,1,"1->2, 2->1, 2->3",0.0224886079313921,0.0240608591018154,0.143073590714559
adjusted,0.147065958325185,0.0197428415665001,0.148924188573541,ok,cv_glmnet,process features,1.90200000000004,30,2024,1,"1->2, 2->1, 2->3",0.0283738769374475,0.0367933796728114,0.180515951379403
raw,0.153400300253488,0.0241170766889273,0.153298423695968,ok,featureless,process features,1.541,30,2024,1,"1->2, 2->1, 2->3",-0.000164946433540258,-0.0046933120826409,-0.00104939703667573
adjusted,0.152683707962087,0.0240917948308236,0.153273141837864,ok,featureless,process features,1.541,30,2024,1,"1->2, 2->1, 2->3",0,0,0
raw,0.12507614827784,0.00684430794653515,0.136025654953576,ok,log_reg,process features,1.529,30,2024,1,"1->2, 2->1, 2->3",0.112527783259856,0.180815360412275,0.715907096395392
adjusted,0.126352140587125,0.0080836152792405,0.137264962286281,ok,log_reg,process features,1.529,30,2024,1,"1->2, 2->1, 2->3",0.104442170099944,0.172458265039647,0.664466041820258
raw,0.242739645784159,0.139619530553995,0.268800877561036,ok,naive_bayes,process features,1.428,30,2024,1,"1->2, 2->1, 2->3",-0.753737636861256,-0.589820217389751,-4.79531460957666
adjusted,0.130079709268849,0.0166445711675411,0.145825918174582,ok,naive_bayes,process features,1.428,30,2024,1,"1->2, 2->1, 2->3",0.0485879233242331,0.14804460145054,0.309118673622204
raw,0.132283366425616,0.0122113453051307,0.141392692312171,ok,ranger,process features,1.59199999999998,30,2024,1,"1->2, 2->1, 2->3",0.0775116199957607,0.13361177697844,0.493132604238052
adjusted,0.134513362417277,0.0154996055676882,0.144680952574729,ok,ranger,process features,1.59199999999998,30,2024,1,"1->2, 2->1, 2->3",0.0560580226914403,0.11900644664277,0.356643800242824
raw,0.127470234373045,0.0067449758790693,0.13592632288611,ok,ranger_large_leaves,process features,1.79000000000002,30,2024,1,"1->2, 2->1, 2->3",0.113175855494005,0.165135324034068,0.720030162699227
adjusted,0.127494019365111,0.00698026602234773,0.136161613029388,ok,ranger_large_leaves,process features,1.79000000000002,30,2024,1,"1->2, 2->1, 2->3",0.111640751949724,0.164979544531571,0.710263761111853
raw,0.14156721090299,0.0178321223361927,0.147013469343233,ok,xgboost,process features,2.21999999999997,30,2024,1,"1->2, 2->1, 2->3",0.0408399829192024,0.0728073558565749,0.259825909135757
adjusted,0.146112642690431,0.0245416339804619,0.153722980987503,ok,xgboost,process features,2.21999999999997,30,2024,1,"1->2, 2->1, 2->3",-0.00293488568345635,0.043037108276726,-0.0186718819746376
reference,0.119070645980025,0,0.129181347007041,ok,"truth, all four transitions",,,30,2024,1,"1->2, 2->1, 2->3",0.157182103413189,0.220148321197497,1
adjusted,0.118505234584203,0.00104593867375722,0.130227285680798,ok,"oracle, viable transitions",,,30,2024,1,"1->2, 2->1, 2->3",0.150358085446208,0.223851475930692,0.956585273903336
reference,0.152683707962087,0.0240917948308236,0.153273141837864,ok,uniform forecast,,,30,2024,1,"1->2, 2->1, 2->3",0,0,0
reference,0.164642375168691,0.0360286586113293,0.16521000561837,ok,persistence,,,30,2024,1,"1->2, 2->1, 2->3",-0.077879683533419,-0.0783231385078318,-0.495474241928767
raw,0.140669294522984,0.0150242533201642,0.144205600327205,ok,cv_glmnet,"available, all",2.13,30,2024,2,"1->2, 2->1, 2->3",0.0591593634862082,0.078688247747337,0.376374677533703
adjusted,0.14095351845937,0.0155449793362393,0.14472632634328,ok,cv_glmnet,"available, all",2.13,30,2024,2,"1->2, 2->1, 2->3",0.0557619906012321,0.0768267266971926,0.354760430038584
raw,0.153011657340039,0.0239758075606161,0.153157154567657,ok,featureless,"available, all",1.601,30,2024,2,"1->2, 2->1, 2->3",0.000756735777819317,-0.00214790027258926,0.00481438892460972
adjusted,0.152683707962087,0.0240917948308236,0.153273141837864,ok,featureless,"available, all",1.601,30,2024,2,"1->2, 2->1, 2->3",0,0,0
raw,0.12198703732216,0.00664878407670595,0.135830131083747,ok,log_reg,"available, all",1.39599999999996,30,2024,2,"1->2, 2->1, 2->3",0.113803439695712,0.201047453259055,0.724022883168533
adjusted,0.123565424049389,0.00671025330648029,0.135891600313521,ok,log_reg,"available, all",1.39599999999996,30,2024,2,"1->2, 2->1, 2->3",0.11340239598357,0.190709829498828,0.721471424042884
raw,0.312856504450444,0.2094170457767,0.33859839278374,ok,naive_bayes,"available, all",1.50099999999998,30,2024,2,"1->2, 2->1, 2->3",-1.209117583966,-1.04904968988656,-7.69246344024012
adjusted,0.131381888000737,0.0146244340623117,0.143805781069352,ok,naive_bayes,"available, all",1.50099999999998,30,2024,2,"1->2, 2->1, 2->3",0.0617679043764019,0.13951599843671,0.39297033844897
raw,0.130803264556211,0.0120325525071639,0.141213899514205,ok,ranger,"available, all",1.64499999999998,30,2024,2,"1->2, 2->1, 2->3",0.0786781178950207,0.143305685314569,0.500553919221944
adjusted,0.130603623361031,0.0115081855287803,0.140689532535821,ok,ranger,"available, all",1.64499999999998,30,2024,2,"1->2, 2->1, 2->3",0.0820992455113532,0.144613232778832,0.522319295445083
raw,0.124596053614703,0.0068671164446691,0.13604846345171,ok,ranger_large_leaves,"available, all",1.97400000000005,30,2024,2,"1->2, 2->1, 2->3",0.112378973769424,0.183959734291745,0.714960363356442
adjusted,0.125121288331701,0.00695627754712362,0.136137624554164,ok,ranger_large_leaves,"available, all",1.97400000000005,30,2024,2,"1->2, 2->1, 2->3",0.111797259965,0.180519716204629,0.711259472531138
raw,0.137340851206782,0.0146637825006391,0.14384512950768,ok,xgboost,"available, all",2.09899999999993,30,2024,2,"1->2, 2->1, 2->3",0.0615111833497718,0.100487844840098,0.391337067096472
adjusted,0.137285396803684,0.0166463527880397,0.14582769979508,ok,xgboost,"available, all",2.09899999999993,30,2024,2,"1->2, 2->1, 2->3",0.0485762994971412,0.100851042746661,0.309044722282709
raw,0.143137109260759,0.0168267141848587,0.146008061191899,ok,cv_glmnet,"available, rpart top 4",1.91899999999998,30,2024,2,"1->2, 2->1, 2->3",0.0473995675879734,0.0625253265639776,0.301558298042193
adjusted,0.143233168614249,0.0172151572814116,0.146396504288452,ok,cv_glmnet,"available, rpart top 4",1.91899999999998,30,2024,2,"1->2, 2->1, 2->3",0.0448652481899686,0.0618961870521542,0.285434837781945
raw,0.153011657340039,0.0239758075606161,0.153157154567657,ok,featureless,"available, rpart top 4",1.46900000000005,30,2024,2,"1->2, 2->1, 2->3",0.000756735777819317,-0.00214790027258926,0.00481438892460972
adjusted,0.152683707962087,0.0240917948308236,0.153273141837864,ok,featureless,"available, rpart top 4",1.46900000000005,30,2024,2,"1->2, 2->1, 2->3",0,0,0
raw,0.121136305791831,0.00259540533614872,0.131776752343189,ok,log_reg,"available, rpart top 4",1.58100000000002,30,2024,2,"1->2, 2->1, 2->3",0.14024889968925,0.206619308578031,0.892270154449925
adjusted,0.122198494327887,0.00307144148005906,0.1322527884871,ok,log_reg,"available, rpart top 4",1.58100000000002,30,2024,2,"1->2, 2->1, 2->3",0.137143096949108,0.199662518294158,0.872510890050857
raw,0.164346885452121,0.0641620726192732,0.193343419626314,ok,naive_bayes,"available, rpart top 4",1.48299999999995,30,2024,2,"1->2, 2->1, 2->3",-0.261430524017293,-0.0763878323739062,-1.66323339833456
adjusted,0.126559963263541,0.0127223409038848,0.141903687910925,ok,naive_bayes,"available, rpart top 4",1.48299999999995,30,2024,2,"1->2, 2->1, 2->3",0.0741777312750961,0.171097133068272,0.471922246008523
raw,0.135096578170918,0.0131426552778451,0.142324002284886,ok,ranger,"available, rpart top 4",1.77100000000007,30,2024,2,"1->2, 2->1, 2->3",0.071435474093437,0.115186682494873,0.45447587570229
adjusted,0.136294637607312,0.0162245204879519,0.145405867494993,ok,ranger,"available, rpart top 4",1.77100000000007,30,2024,2,"1->2, 2->1, 2->3",0.0513284600846368,0.107340007480331,0.326554098526778
raw,0.126691717385023,0.00700420923241286,0.136185556239453,ok,ranger_large_leaves,"available, rpart top 4",1.947,30,2024,2,"1->2, 2->1, 2->3",0.111484539257937,0.170234211128261,0.709269928554617
adjusted,0.127705575747153,0.00850540330371716,0.137686750310758,ok,ranger_large_leaves,"available, rpart top 4",1.947,30,2024,2,"1->2, 2->1, 2->3",0.10169029837983,0.163593958702762,0.646958503364176
raw,0.13905333567145,0.0129677678818554,0.142149114888896,ok,xgboost,"available, rpart top 4",2.61699999999996,30,2024,2,"1->2, 2->1, 2->3",0.0725764919775406,0.0892719496570079,0.461735085620763
adjusted,0.140419516488464,0.0153711543985681,0.144552501405609,ok,xgboost,"available, rpart top 4",2.61699999999996,30,2024,2,"1->2, 2->1, 2->3",0.0568960766882455,0.0803241658020781,0.361975539535065
raw,0.138929572801679,0.0138259633650257,0.143007310372066,ok,cv_glmnet,process features,2.45000000000005,30,2024,2,"1->2, 2->1, 2->3",0.0669773669587677,0.0900825329957518,0.426113186580169
adjusted,0.139336001713093,0.0144176248009314,0.143598971807972,ok,cv_glmnet,process features,2.45000000000005,30,2024,2,"1->2, 2->1, 2->3",0.0631171900953511,0.0874206320186359,0.401554558214768
raw,0.153011657340039,0.0239758075606161,0.153157154567657,ok,featureless,process features,1.53999999999996,30,2024,2,"1->2, 2->1, 2->3",0.000756735777819317,-0.00214790027258926,0.00481438892460972
adjusted,0.152683707962087,0.0240917948308236,0.153273141837864,ok,featureless,process features,1.53999999999996,30,2024,2,"1->2, 2->1, 2->3",0,0,0
raw,0.122376933034741,0.00562024384391813,0.134801590850959,ok,log_reg,process features,1.53600000000006,30,2024,2,"1->2, 2->1, 2->3",0.120513945009655,0.198493836257055,0.766715436380544
adjusted,0.122976980969592,0.00685504971275085,0.136036396719791,ok,log_reg,process features,1.53600000000006,30,2024,2,"1->2, 2->1, 2->3",0.112457700751683,0.194563829952776,0.715461228153067
raw,0.260254097721529,0.15493699256664,0.284118339573681,ok,naive_bayes,process features,1.404,30,2024,2,"1->2, 2->1, 2->3",-0.853673358338461,-0.704530897207137,-5.43111041143396
adjusted,0.129661261721824,0.0155597543726271,0.144741101379668,ok,naive_bayes,process features,1.404,30,2024,2,"1->2, 2->1, 2->3",0.055665593827403,0.150785218328465,0.354147149189582
raw,0.133785486675486,0.0131266507974604,0.142307997804501,ok,ranger,process features,1.60699999999997,30,2024,2,"1->2, 2->1, 2->3",0.0715398921290621,0.123773659539983,0.455140188199436
adjusted,0.136924570667605,0.017751555263933,0.146932902270974,ok,ranger,process features,1.60699999999997,30,2024,2,"1->2, 2->1, 2->3",0.0413656266901439,0.103214268927734,0.263170079747596
raw,0.126125297300204,0.00684619828373855,0.136027545290779,ok,ranger_large_leaves,process features,1.93900000000008,30,2024,2,"1->2, 2->1, 2->3",0.112515450132338,0.173943972257198,0.715828632452931
adjusted,0.126223138460665,0.00838064081031211,0.137561987817353,ok,ranger_large_leaves,process features,1.93900000000008,30,2024,2,"1->2, 2->1, 2->3",0.102504286348688,0.17330316282332,0.652137133444715
raw,0.135543269687184,0.0148924599675542,0.144073806974595,ok,xgboost,process features,2.16499999999996,30,2024,2,"1->2, 2->1, 2->3",0.0600192228916441,0.112261082100251,0.38184514387029
adjusted,0.137691207540173,0.0197199650445686,0.148901312051609,ok,xgboost,process features,2.16499999999996,30,2024,2,"1->2, 2->1, 2->3",0.0285231302355609,0.0981931904983416,0.181465507943874
reference,0.119070645980025,0,0.129181347007041,ok,"truth, all four transitions",,,30,2024,2,"1->2, 2->1, 2->3",0.157182103413189,0.220148321197497,1
adjusted,0.118505234584203,0.00104593867375722,0.130227285680798,ok,"oracle, viable transitions",,,30,2024,2,"1->2, 2->1, 2->3",0.150358085446208,0.223851475930692,0.956585273903336
reference,0.152683707962087,0.0240917948308236,0.153273141837864,ok,uniform forecast,,,30,2024,2,"1->2, 2->1, 2->3",0,0,0
reference,0.164642375168691,0.0360286586113293,0.16521000561837,ok,persistence,,,30,2024,2,"1->2, 2->1, 2->3",-0.077879683533419,-0.0783231385078318,-0.495474241928767
raw,0.167406743679342,0.019999637792133,0.152754563225932,ok,cv_glmnet,"available, all",2.05199999999996,30,4711,1,"1->2, 2->1, 2->3",0.0882540422754885,0.0772916534189709,0.425062874927621
adjusted,0.165592496949186,0.0184034958545278,0.151158421288326,ok,cv_glmnet,"available, all",2.05199999999996,30,4711,1,"1->2, 2->1, 2->3",0.0977809325289321,0.0872913736445695,0.470947768761808
raw,0.182294583556645,0.0348702091481353,0.167625134581934,ok,featureless,"available, all",1.58500000000004,30,4711,1,"1->2, 2->1, 2->3",-0.000503917137061327,-0.00476677395037295,-0.0024270442631507
adjusted,0.182019674340865,0.0347662298284996,0.167521155262298,ok,featureless,"available, all",1.58500000000004,30,4711,1,"1->2, 2->1, 2->3",0.000116704089320963,-0.00325153613869555,0.000562088426133834
raw,0.156730528818079,0.010618094911612,0.143373020345411,ok,log_reg,"available, all",1.55399999999997,30,4711,1,"1->2, 2->1, 2->3",0.144249644749786,0.136136550260453,0.694757623829108
adjusted,0.156141207085688,0.0109877999522587,0.143742725386057,ok,log_reg,"available, all",1.55399999999997,30,4711,1,"1->2, 2->1, 2->3",0.142042986766931,0.139384759199637,0.684129573691229
raw,0.380797677971732,0.238126759201336,0.370881684635135,ok,naive_bayes,"available, all",1.51499999999999,30,4711,1,"1->2, 2->1, 2->3",-1.21368101625875,-1.098871216898,-5.84551969195525
adjusted,0.164546171418134,0.0196563698762469,0.152411295310045,ok,naive_bayes,"available, all",1.51499999999999,30,4711,1,"1->2, 2->1, 2->3",0.0903029050270567,0.0930584848106031,0.434930927076384
raw,0.16006986700046,0.013027326285518,0.145782251719317,ok,ranger,"available, all",1.68600000000004,30,4711,1,"1->2, 2->1, 2->3",0.129869668662702,0.117730868713709,0.625498541532499
adjusted,0.160118471780282,0.0132409796127923,0.145995905046591,ok,ranger,"available, all",1.68600000000004,30,4711,1,"1->2, 2->1, 2->3",0.128594436333252,0.117462970091228,0.619356568811695
raw,0.156139660352916,0.00947233446638691,0.142227259900185,ok,ranger_large_leaves,"available, all",1.63800000000003,30,4711,1,"1->2, 2->1, 2->3",0.15108834359055,0.139393284443048,0.727695231162101
adjusted,0.154775925429116,0.00810822428608729,0.140863149719886,ok,ranger_large_leaves,"available, all",1.63800000000003,30,4711,1,"1->2, 2->1, 2->3",0.159230306203736,0.146909884844311,0.766909820620912
raw,0.174030915076102,0.0209886975500248,0.153743622983823,ok,xgboost,"available, all",1.99700000000001,30,4711,1,"1->2, 2->1, 2->3",0.0823506426181436,0.0407807094591436,0.396630001310741
adjusted,0.180031673685822,0.0259082165648903,0.158663141998689,ok,xgboost,"available, all",1.99700000000001,30,4711,1,"1->2, 2->1, 2->3",0.0529875160376405,0.00770587666977762,0.255206734122459
raw,0.168275111881705,0.0217134805366959,0.154468405970494,ok,cv_glmnet,"available, rpart top 4",1.93899999999996,30,4711,1,"1->2, 2->1, 2->3",0.0780246313725911,0.0725054030528516,0.375794391636752
adjusted,0.16626591858411,0.0200335873208409,0.152788512754639,ok,cv_glmnet,"available, rpart top 4",1.93899999999996,30,4711,1,"1->2, 2->1, 2->3",0.0880514077687845,0.083579624944036,0.424086915030959
raw,0.182294583556645,0.0348702091481353,0.167625134581934,ok,featureless,"available, rpart top 4",1.41900000000004,30,4711,1,"1->2, 2->1, 2->3",-0.000503917137061327,-0.00476677395037295,-0.0024270442631507
adjusted,0.182019674340865,0.0347662298284996,0.167521155262298,ok,featureless,"available, rpart top 4",1.41900000000004,30,4711,1,"1->2, 2->1, 2->3",0.000116704089320963,-0.00325153613869555,0.000562088426133834
raw,0.154538187051684,0.00933478049154493,0.142089705925343,ok,log_reg,"available, rpart top 4",1.351,30,4711,1,"1->2, 2->1, 2->3",0.151909361816668,0.148220245349142,0.731649547118214
adjusted,0.151161428593753,0.00752170050208567,0.140276625935884,ok,log_reg,"available, rpart top 4",1.351,30,4711,1,"1->2, 2->1, 2->3",0.162731089930778,0.166832179044531,0.783770840888644
raw,0.190360981100645,0.0566650793362284,0.189420004770027,ok,naive_bayes,"available, rpart top 4",1.428,30,4711,1,"1->2, 2->1, 2->3",-0.130590929750449,-0.0492269442942019,-0.628972391609239
adjusted,0.161916093218798,0.023940853500599,0.156695778934398,ok,naive_bayes,"available, rpart top 4",1.428,30,4711,1,"1->2, 2->1, 2->3",0.0647301133346591,0.107554884736623,0.311763261591279
raw,0.165729779090108,0.0165252480937628,0.149280173527561,ok,ranger,"available, rpart top 4",1.58199999999999,30,4711,1,"1->2, 2->1, 2->3",0.108991627432689,0.0865347053378993,0.524942465014389
adjusted,0.168047542788684,0.0186874019361356,0.151442327369934,ok,ranger,"available, rpart top 4",1.58199999999999,30,4711,1,"1->2, 2->1, 2->3",0.0960863826784212,0.0737597127475446,0.462786213635325
raw,0.158709741490082,0.0122559516664276,0.145010877100226,ok,ranger_large_leaves,"available, rpart top 4",1.74699999999996,30,4711,1,"1->2, 2->1, 2->3",0.134473771322514,0.125227574839406,0.647673538423097
adjusted,0.157761228962588,0.0115768203526687,0.144331745786467,ok,ranger_large_leaves,"available, rpart top 4",1.74699999999996,30,4711,1,"1->2, 2->1, 2->3",0.138527301488863,0.130455562713249,0.66719678225068
raw,0.174690535094836,0.0216473478016553,0.154402273235454,ok,xgboost,"available, rpart top 4",2.23099999999999,30,4711,1,"1->2, 2->1, 2->3",0.078419357739995,0.0371450321651396,0.377695534295064
adjusted,0.179931224139414,0.0250656606543615,0.15782058608816,ok,xgboost,"available, rpart top 4",2.23099999999999,30,4711,1,"1->2, 2->1, 2->3",0.0580164783766923,0.00825953199359364,0.279428006424836
raw,0.166895854434045,0.0194202812972787,0.152175206731077,ok,cv_glmnet,process features,1.91399999999999,30,4711,1,"1->2, 2->1, 2->3",0.0917120466133596,0.0801075601169494,0.441717854433029
adjusted,0.165110255745878,0.017885351982615,0.150640277416413,ok,cv_glmnet,process features,1.91399999999999,30,4711,1,"1->2, 2->1, 2->3",0.100873577165921,0.0899493787737424,0.485843045925708
raw,0.182294583556645,0.0348702091481353,0.167625134581934,ok,featureless,process features,1.541,30,4711,1,"1->2, 2->1, 2->3",-0.000503917137061327,-0.00476677395037295,-0.0024270442631507
adjusted,0.182019674340865,0.0347662298284996,0.167521155262298,ok,featureless,process features,1.541,30,4711,1,"1->2, 2->1, 2->3",0.000116704089320963,-0.00325153613869555,0.000562088426133834
raw,0.153774689703811,0.00720822185600631,0.139963147289805,ok,log_reg,process features,1.608,30,4711,1,"1->2, 2->1, 2->3",0.164602149507395,0.15242847113498,0.792782529671296
adjusted,0.153793053470775,0.00786441382636179,0.14061933926016,ok,log_reg,process features,1.608,30,4711,1,"1->2, 2->1, 2->3",0.160685537369412,0.152327254178724,0.773918731793908
raw,0.303076283295824,0.164222334179294,0.296977259613093,ok,naive_bayes,process features,1.49600000000004,30,4711,1,"1->2, 2->1, 2->3",-0.772567773231501,-0.670488357287857,-3.72096133275267
adjusted,0.158467457704199,0.0151731236587246,0.147928049092523,ok,naive_bayes,process features,1.49600000000004,30,4711,1,"1->2, 2->1, 2->3",0.117062050744124,0.126562988614034,0.563812495736983
raw,0.160895192473929,0.0122252335266366,0.144980158960435,ok,ranger,process features,1.75300000000004,30,4711,1,"1->2, 2->1, 2->3",0.134657118642501,0.113181860195425,0.648556604364719
adjusted,0.162310980237478,0.0139108759709449,0.146665801404743,ok,ranger,process features,1.75300000000004,30,4711,1,"1->2, 2->1, 2->3",0.124596026834109,0.105378356240311,0.600098805733396
raw,0.153998860678167,0.00789721743971462,0.140652142873513,ok,ranger_large_leaves,process features,1.83100000000002,30,4711,1,"1->2, 2->1, 2->3",0.160489742486159,0.15119289110664,0.772975713957831
adjusted,0.152461838232595,0.00676726160891014,0.139522187042709,ok,ranger_large_leaves,process features,1.83100000000002,30,4711,1,"1->2, 2->1, 2->3",0.167234108345917,0.15966461338163,0.805458980083633
raw,0.167584697283853,0.0186744141341296,0.151429339567928,ok,xgboost,process features,1.94099999999992,30,4711,1,"1->2, 2->1, 2->3",0.0961639029549266,0.0763108131458855,0.463159578874435
adjusted,0.169494471800552,0.0219838532984268,0.154738778732225,ok,xgboost,process features,1.94099999999992,30,4711,1,"1->2, 2->1, 2->3",0.0764108578303735,0.0657845652306832,0.368021883957207
reference,0.142971839269587,0,0.132754925433799,ok,"truth, all four transitions",,,30,4711,1,"1->2, 2->1, 2->3",0.207625853682273,0.211971354793344,1
adjusted,0.147013449109418,0.00216013862967092,0.134915064063469,ok,"oracle, viable transitions",,,30,4711,1,"1->2, 2->1, 2->3",0.19473263712537,0.189694909705932,0.937901680699973
reference,0.181429748955501,0.0347857825142449,0.167540707948043,ok,uniform forecast,,,30,4711,1,"1->2, 2->1, 2->3",0,0,0
reference,0.198047419804742,0.0487333646118401,0.181488290045639,ok,persistence,,,30,4711,1,"1->2, 2->1, 2->3",-0.0832489146573292,-0.0915928669080419,-0.400956399123222
raw,0.162754901520233,0.0153523255415036,0.148107250975302,ok,cv_glmnet,"available, all",2.61799999999994,30,4711,2,"1->2, 1->3, 2->1, 2->3",0.115992448705468,0.102931561900845,0.558660911675143
adjusted,0.159963097978333,0.0130550776380341,0.145810003071833,ok,cv_glmnet,"available, all",2.61799999999994,30,4711,2,"1->2, 1->3, 2->1, 2->3",0.129704029201964,0.118319355567391,0.624700762942791
raw,0.181819759835821,0.0346910765503781,0.167446001984177,ok,featureless,"available, all",2.00400000000002,30,4711,2,"1->2, 1->3, 2->1, 2->3",0.000565271360177033,-0.00214965231757969,0.00272254803605557
adjusted,0.181429748955501,0.0347857825142449,0.167540707948043,ok,featureless,"available, all",2.00400000000002,30,4711,2,"1->2, 1->3, 2->1, 2->3",-2.22044604925031e-16,1.11022302462516e-16,-1.06944583724541e-15
raw,0.149132015617276,0.00530142009209669,0.138056345525895,ok,log_reg,"available, all",1.88200000000006,30,4711,2,"1->2, 1->3, 2->1, 2->3",0.175983274651625,0.178017847261347,0.847598078613706
adjusted,0.147323590806365,0.00446059127012062,0.137215516703919,ok,log_reg,"available, all",1.88200000000006,30,4711,2,"1->2, 1->3, 2->1, 2->3",0.181001928519536,0.187985478376545,0.871769701650552
raw,0.548670916028372,0.419580266010315,0.552335191444114,ok,naive_bayes,"available, all",1.98199999999997,30,4711,2,"1->2, 1->3, 2->1, 2->3",-2.29672232025783,-2.02415077564233,-11.0618320383765
adjusted,0.170469026547059,0.0272203238281106,0.159975249261909,ok,naive_bayes,"available, all",1.98199999999997,30,4711,2,"1->2, 1->3, 2->1, 2->3",0.0451559431662451,0.0604130384986102,0.217487092119783
raw,0.160644852063483,0.0132980775759324,0.146053003009731,ok,ranger,"available, all",2.20100000000002,30,4711,2,"1->2, 1->3, 2->1, 2->3",0.128253635796836,0.114561680273924,0.617715152146231
adjusted,0.161382369027874,0.0140755170194266,0.146830442453225,ok,ranger,"available, all",2.20100000000002,30,4711,2,"1->2, 1->3, 2->1, 2->3",0.123613334027697,0.110496652522757,0.595365807462787
raw,0.154797654943926,0.00748566664025376,0.140240592074052,ok,ranger_large_leaves,"available, all",2.77300000000002,30,4711,2,"1->2, 1->3, 2->1, 2->3",0.162946165193818,0.14679011664238,0.784806719895165
adjusted,0.15483950586619,0.00777365465279858,0.140528580086597,ok,ranger_large_leaves,"available, all",2.77300000000002,30,4711,2,"1->2, 1->3, 2->1, 2->3",0.16122725152757,0.146559443764832,0.77652781996164
raw,0.165147411943679,0.0147863113266029,0.147541236760401,ok,xgboost,"available, all",2.66899999999998,30,4711,2,"1->2, 1->3, 2->1, 2->3",0.119370816994781,0.0897445821622981,0.574932335630286
adjusted,0.168524870634903,0.0181773463787244,0.150932271812523,ok,xgboost,"available, all",2.66899999999998,30,4711,2,"1->2, 1->3, 2->1, 2->3",0.0991307506034357,0.0711287889383747,0.477448972973925
raw,0.166134860918506,0.0188051430768392,0.151560068510638,ok,cv_glmnet,"available, rpart top 4",2.28300000000002,30,4711,2,"1->2, 1->3, 2->1, 2->3",0.0953836212889914,0.0843019853417032,0.459401464689246
adjusted,0.163597971508008,0.0167519092829652,0.149506834716764,ok,cv_glmnet,"available, rpart top 4",2.28300000000002,30,4711,2,"1->2, 1->3, 2->1, 2->3",0.107638755095103,0.0982847496077774,0.518426550384334
raw,0.181819759835821,0.0346910765503781,0.167446001984177,ok,featureless,"available, rpart top 4",1.88,30,4711,2,"1->2, 1->3, 2->1, 2->3",0.000565271360177033,-0.00214965231757969,0.00272254803605557
adjusted,0.181429748955501,0.0347857825142449,0.167540707948043,ok,featureless,"available, rpart top 4",1.88,30,4711,2,"1->2, 1->3, 2->1, 2->3",-2.22044604925031e-16,1.11022302462516e-16,-1.06944583724541e-15
raw,0.150732588389939,0.00404173747199851,0.136796662905797,ok,log_reg,"available, rpart top 4",2.26200000000006,30,4711,2,"1->2, 1->3, 2->1, 2->3",0.183501940625561,0.169195849866336,0.883810649642756
adjusted,0.149326724318831,0.00358343596178824,0.136338361395587,ok,log_reg,"available, rpart top 4",2.26200000000006,30,4711,2,"1->2, 1->3, 2->1, 2->3",0.186237404238097,0.17694465665906,0.896985615881407
raw,0.223884128036099,0.0829794826471834,0.215734408080982,ok,naive_bayes,"available, rpart top 4",2.35599999999999,30,4711,2,"1->2, 1->3, 2->1, 2->3",-0.287653673684392,-0.233998995892403,-1.38544246095953
adjusted,0.158252655116158,0.0157773980403051,0.148532323474104,ok,naive_bayes,"available, rpart top 4",2.35599999999999,30,4711,2,"1->2, 1->3, 2->1, 2->3",0.113455319048995,0.127746932202547,0.546441192350807
raw,0.163943142953149,0.0152974302806419,0.14805235571444,ok,ranger,"available, rpart top 4",2.27499999999998,30,4711,2,"1->2, 1->3, 2->1, 2->3",0.116320101975733,0.0963822421792654,0.560239006428055
adjusted,0.166059198231507,0.0194041967665823,0.152159122200381,ok,ranger,"available, rpart top 4",2.27499999999998,30,4711,2,"1->2, 1->3, 2->1, 2->3",0.0918080503302672,0.0847190210672907,0.442180242498893
raw,0.156924109283818,0.0087046699141565,0.141459595347955,ok,ranger_large_leaves,"available, rpart top 4",2.42200000000003,30,4711,2,"1->2, 1->3, 2->1, 2->3",0.155670301979245,0.135069578240412,0.749763573362425
adjusted,0.156842561407163,0.00950562482460395,0.142260550258402,ok,ranger_large_leaves,"available, rpart top 4",2.42200000000003,30,4711,2,"1->2, 1->3, 2->1, 2->3",0.150889643473875,0.135519051808691,0.726738220687967
raw,0.161448454759695,0.0122887787683437,0.145043704202142,ok,xgboost,"available, rpart top 4",2.24300000000005,30,4711,2,"1->2, 1->3, 2->1, 2->3",0.134277836243105,0.110132402821693,0.64672984535244
adjusted,0.161805397810803,0.0149661248676383,0.147721050301437,ok,xgboost,"available, rpart top 4",2.24300000000005,30,4711,2,"1->2, 1->3, 2->1, 2->3",0.118297564152307,0.108165012946754,0.56976316799803
raw,0.162694713047287,0.0148916747058423,0.147646600139641,ok,cv_glmnet,process features,2.72200000000009,30,4711,2,"1->2, 1->3, 2->1, 2->3",0.118741934733689,0.103263307236398,0.57190341485795
adjusted,0.160241173747197,0.0128986615603912,0.14565358699419,ok,cv_glmnet,process features,2.72200000000009,30,4711,2,"1->2, 1->3, 2->1, 2->3",0.130637629635904,0.116786664426799,0.629197314876872
raw,0.181819759835821,0.0346910765503781,0.167446001984177,ok,featureless,process features,2.02499999999998,30,4711,2,"1->2, 1->3, 2->1, 2->3",0.000565271360177033,-0.00214965231757969,0.00272254803605557
adjusted,0.181429748955501,0.0347857825142449,0.167540707948043,ok,featureless,process features,2.02499999999998,30,4711,2,"1->2, 1->3, 2->1, 2->3",-2.22044604925031e-16,1.11022302462516e-16,-1.06944583724541e-15
raw,0.148000338461709,0.0025712837109978,0.135326209144796,ok,log_reg,process features,2.21000000000004,30,4711,2,"1->2, 1->3, 2->1, 2->3",0.192278636026996,0.184255397398976,0.926082338094742
adjusted,0.147460355085314,0.0031858898417262,0.135940815275525,ok,log_reg,process features,2.21000000000004,30,4711,2,"1->2, 1->3, 2->1, 2->3",0.188610237234513,0.187231664408679,0.908414024021981
raw,0.36537830514706,0.238098264875514,0.370853190309313,ok,naive_bayes,process features,2.55899999999997,30,4711,2,"1->2, 1->3, 2->1, 2->3",-1.21351094221423,-1.01388309938452,-5.84470055483191
adjusted,0.161182557153402,0.0211210167923436,0.153875942226142,ok,naive_bayes,process features,2.55899999999997,30,4711,2,"1->2, 1->3, 2->1, 2->3",0.081560868933053,0.111597970667232,0.392826170183336
raw,0.156705365572237,0.0105968492659515,0.14335177469975,ok,ranger,process features,2.17900000000009,30,4711,2,"1->2, 1->3, 2->1, 2->3",0.144376453606694,0.136275244416108,0.695368380411967
adjusted,0.159229013146794,0.0145760155578325,0.147330940991631,ok,ranger,process features,2.17900000000009,30,4711,2,"1->2, 1->3, 2->1, 2->3",0.120626009069269,0.122365466173643,0.580977787351383
raw,0.153418752759564,0.00654422892890251,0.139299154362701,ok,ranger_large_leaves,process features,2.35400000000004,30,4711,2,"1->2, 1->3, 2->1, 2->3",0.168565323205513,0.154390315575026,0.811870584592352
adjusted,0.153408673579493,0.00750081259434715,0.140255738028146,ok,ranger_large_leaves,process features,2.35400000000004,30,4711,2,"1->2, 1->3, 2->1, 2->3",0.162855763557829,0.154445869750287,0.784371313444637
raw,0.160163101342027,0.0116222668997165,0.144377192333515,ok,xgboost,process features,2.21899999999994,30,4711,2,"1->2, 1->3, 2->1, 2->3",0.138256044744133,0.11721698197736,0.665890313234808
adjusted,0.161113842428161,0.0139154634819438,0.146670388915742,ok,xgboost,process features,2.21899999999994,30,4711,2,"1->2, 1->3, 2->1, 2->3",0.12456864536333,0.111976710789161,0.599966926825768
reference,0.142971839269587,0,0.132754925433799,ok,"truth, all four transitions",,,30,4711,2,"1->2, 1->3, 2->1, 2->3",0.207625853682273,0.211971354793344,1
adjusted,0.142622351724174,0.000923984031685448,0.133678909465484,ok,"oracle, viable transitions",,,30,4711,2,"1->2, 1->3, 2->1, 2->3",0.202110871425113,0.213897651596519,0.973437882810109
reference,0.181429748955501,0.0347857825142449,0.167540707948043,ok,uniform forecast,,,30,4711,2,"1->2, 1->3, 2->1, 2->3",0,0,0
reference,0.198047419804742,0.0487333646118401,0.181488290045639,ok,persistence,,,30,4711,2,"1->2, 1->3, 2->1, 2->3",-0.0832489146573292,-0.0915928669080419,-0.400956399123222
